{"v":"4.8.0","meta":{"g":"LottieFiles AE ","a":"","k":"","d":"","tc":""},"fr":25,"ip":0,"op":50,"w":500,"h":300,"nm":"main comp","ddd":0,"assets":[{"id":"comp_0","layers":[{"ddd":0,"ind":2,"ty":4,"nm":"hand 1 big finger","sr":1,"ks":{"o":{"a":0,"k":100,"ix":11},"r":{"a":0,"k":0,"ix":10},"p":{"a":0,"k":[958,422.5,0],"ix":2},"a":{"a":0,"k":[960,540,0],"ix":1},"s":{"a":0,"k":[59,59,100],"ix":6}},"ao":0,"shapes":[{"ty":"gr","it":[{"ind":0,"ty":"sh","ix":1,"ks":{"a":1,"k":[{"i":{"x":0.667,"y":1},"o":{"x":0.167,"y":0.167},"t":19,"s":[{"i":[[0,0],[239.299,-32.187],[12.595,-26.589],[-7.788,-40.558],[0.071,-1.144],[0.378,-1.284]],"o":[[0,0],[-118.951,18.192],[-45.656,115.408],[0.201,1.049],[-0.074,1.177],[0,0]],"v":[[219.445,8.925],[-26.851,-34.456],[-173.789,-54.048],[-5.612,73.66],[-5.413,76.948],[-6.087,80.637]],"c":false}]},{"t":29,"s":[{"i":[[0,0],[239.299,-32.187],[-66.943,-44.973],[-45.291,-25.223],[0.071,-1.144],[0.378,-1.284]],"o":[[0,0],[-71.509,10.011],[36.447,21.129],[0.933,0.52],[-0.074,1.177],[0,0]],"v":[[219.446,8.925],[-13.291,-20.897],[-148.366,169.681],[-7.306,83.829],[-5.413,76.948],[-6.087,80.637]],"c":false}]}],"ix":2},"nm":"Path 1","mn":"ADBE Vector Shape - Group","hd":false},{"ty":"st","c":{"a":0,"k":[0.9607843137254902,0.6431372549019608,0.4980392156862745,1],"ix":3},"o":{"a":0,"k":100,"ix":4},"w":{"a":0,"k":6.997,"ix":5},"lc":1,"lj":1,"ml":10,"bm":0,"nm":"Stroke 1","mn":"ADBE Vector Graphic - Stroke","hd":false},{"ty":"fl","c":{"a":0,"k":[0.9882352941176471,0.8,0.7019607843137254,1],"ix":4},"o":{"a":0,"k":100,"ix":5},"r":1,"bm":0,"nm":"Fill 1","mn":"ADBE Vector Graphic - Fill","hd":false},{"ty":"tr","p":{"a":0,"k":[956.665,402.58],"ix":2},"a":{"a":0,"k":[0,0],"ix":1},"s":{"a":0,"k":[100,100],"ix":3},"r":{"a":0,"k":0,"ix":6},"o":{"a":0,"k":100,"ix":7},"sk":{"a":0,"k":0,"ix":4},"sa":{"a":0,"k":0,"ix":5},"nm":"Transform"}],"nm":"Group 1","np":3,"cix":2,"bm":0,"ix":1,"mn":"ADBE Vector Group","hd":false}],"ip":19,"op":886,"st":-1139,"bm":0},{"ddd":0,"ind":3,"ty":4,"nm":"hand 1 fingers","sr":1,"ks":{"o":{"a":0,"k":100,"ix":11},"r":{"a":0,"k":27,"ix":10},"p":{"a":1,"k":[{"i":{"x":0.667,"y":0.667},"o":{"x":0.333,"y":0.333},"t":24,"s":[864.187,544.816,0],"to":[0,0,0],"ti":[0,0,0]},{"t":28,"s":[864.187,544.816,0]}],"ix":2},"a":{"a":0,"k":[419.421,867.418,0],"ix":1},"s":{"a":1,"k":[{"i":{"x":[0.667,0.667,0.667],"y":[1,1,1]},"o":{"x":[0.333,0.333,0.333],"y":[0,0,0]},"t":24,"s":[64,41.603,100]},{"t":28,"s":[59,59,100]}],"ix":6}},"ao":0,"shapes":[{"ty":"gr","it":[{"ind":0,"ty":"sh","ix":1,"ks":{"a":0,"k":{"i":[[-6.098,2.272],[-2.072,-0.026],[-4.371,-2.922],[-1.989,-2.09],[-1.659,-2.634],[-0.633,-12.364],[3.546,-7.442],[4.872,-4.804],[5.274,-2.08],[4.542,8.96],[1.042,3.544],[0.592,6.664],[-0.299,5.852],[-0.999,4.715],[-1.383,3.255]],"o":[[1.59,-0.581],[4.157,0.034],[2.19,1.459],[1.978,2.1],[6.657,10.597],[0.409,7.577],[-3.397,6.463],[-1.126,1.186],[-9.168,3.715],[-1.772,-3.489],[-2.066,-7.101],[-0.551,-6.672],[0.324,-5.851],[0.994,-4.717],[2.547,-6.026]],"v":[[-12.009,-53.484],[-6.433,-54.396],[6.784,-49.884],[13.085,-44.54],[18.56,-37.412],[29.53,1.963],[25.124,25.298],[14.181,39.894],[-0.619,50.708],[-21.613,39.165],[-25.675,28.548],[-29.328,7.756],[-29.64,-11.105],[-27.589,-27.033],[-23.887,-39.06]],"c":true},"ix":2},"nm":"Path 1","mn":"ADBE Vector Shape - Group","hd":false},{"ind":1,"ty":"sh","ix":2,"ks":{"a":0,"k":{"i":[[2.724,-5.764],[0.648,-1.817],[0.575,-2.179],[0.491,-5.595],[-0.568,-6.429],[-2.035,-6.651],[-1.661,-3.049],[-6.167,2.822],[-1.693,1.967],[-2.672,5.579],[0.579,6.715],[5.236,8.998],[3.255,2.429],[2.546,0.117]],"o":[[-0.674,1.427],[-0.663,1.81],[-1.171,4.348],[-0.522,5.589],[0.534,6.424],[1.036,3.313],[3.25,5.979],[3.31,-1.497],[4.315,-4.637],[2.589,-6.332],[-0.672,-10.265],[-2.635,-4.535],[-3.25,-2.446],[-6.143,-0.33]],"v":[[-18.384,-36.608],[-20.398,-31.745],[-22.284,-25.759],[-24.9,-10.761],[-24.96,7.387],[-21.202,27.202],[-17.203,36.846],[-2.852,45.257],[9.47,35.2],[18.396,22.204],[21.37,2.392],[11.572,-33.169],[2.491,-43.745],[-6.622,-47.476]],"c":true},"ix":2},"nm":"Path 2","mn":"ADBE Vector Shape - Group","hd":false},{"ty":"mm","mm":1,"nm":"Merge Paths 1","mn":"ADBE Vector Filter - Merge","hd":false},{"ty":"fl","c":{"a":0,"k":[0.9607843137254902,0.6431372549019608,0.4980392156862745,1],"ix":4},"o":{"a":0,"k":100,"ix":5},"r":1,"bm":0,"nm":"Fill 1","mn":"ADBE Vector Graphic - Fill","hd":false},{"ty":"tr","p":{"a":0,"k":[510.166,799.877],"ix":2},"a":{"a":0,"k":[0,0],"ix":1},"s":{"a":0,"k":[100,100],"ix":3},"r":{"a":0,"k":0,"ix":6},"o":{"a":0,"k":100,"ix":7},"sk":{"a":0,"k":0,"ix":4},"sa":{"a":0,"k":0,"ix":5},"nm":"Transform"}],"nm":"Group 1","np":4,"cix":2,"bm":0,"ix":1,"mn":"ADBE Vector Group","hd":false},{"ty":"gr","it":[{"ind":0,"ty":"sh","ix":1,"ks":{"a":0,"k":{"i":[[7.814,-9.904],[-26.88,19.158],[7.779,27.932]],"o":[[-23.182,29.384],[26.879,-19.157],[-7.778,-27.933]],"v":[[-10.786,-51.087],[6.731,41.832],[26.19,-25.112]],"c":true},"ix":2},"nm":"Path 1","mn":"ADBE Vector Shape - Group","hd":false},{"ty":"st","c":{"a":0,"k":[0.9607843137254902,0.6431372549019608,0.4980392156862745,1],"ix":3},"o":{"a":0,"k":100,"ix":4},"w":{"a":0,"k":6.997,"ix":5},"lc":1,"lj":1,"ml":10,"bm":0,"nm":"Stroke 1","mn":"ADBE Vector Graphic - Stroke","hd":false},{"ty":"fl","c":{"a":0,"k":[0.9882352941176471,0.8,0.7019607843137254,1],"ix":4},"o":{"a":0,"k":100,"ix":5},"r":1,"bm":0,"nm":"Fill 1","mn":"ADBE Vector Graphic - Fill","hd":false},{"ty":"tr","p":{"a":0,"k":[505.15,804.095],"ix":2},"a":{"a":0,"k":[0,0],"ix":1},"s":{"a":0,"k":[100,100],"ix":3},"r":{"a":0,"k":0,"ix":6},"o":{"a":0,"k":100,"ix":7},"sk":{"a":0,"k":0,"ix":4},"sa":{"a":0,"k":0,"ix":5},"nm":"Transform"}],"nm":"Group 2","np":3,"cix":2,"bm":0,"ix":2,"mn":"ADBE Vector Group","hd":false},{"ty":"gr","it":[{"ind":0,"ty":"sh","ix":1,"ks":{"a":0,"k":{"i":[[-7.881,-0.155],[-5.439,-10.859],[-1.604,-7.19],[-0.593,-8.37],[0.62,-9.172],[3.335,-9.469],[3.844,-3.95],[2.531,-1.227],[2.708,-0.293],[2.583,0.343],[2.413,0.733],[1.184,0.394],[3.866,4.868],[1,2.339],[0.597,2.369],[0.296,4.621],[-1.022,8.324],[-1.878,7.074],[-2.398,5.49],[-2.56,3.584]],"o":[[5.194,-0.021],[2.757,5.523],[1.59,7.196],[0.587,8.37],[-0.748,9.145],[-1.745,4.68],[-1.899,1.965],[-2.525,1.236],[-2.714,0.297],[-2.585,-0.348],[-1.208,-0.329],[-2.723,-1.02],[-1.699,-2.147],[-0.992,-2.347],[-1.153,-4.746],[-0.577,-9.249],[1.064,-8.321],[1.881,-7.074],[2.403,-5.485],[4.603,-6.448]],"v":[[5.571,-65.979],[22.847,-51.932],[29.287,-32.695],[32.595,-9.25],[32.677,17.15],[27.392,45.26],[19.505,58.67],[12.801,63.576],[4.823,65.836],[-3.152,65.677],[-10.663,64.04],[-14.293,62.862],[-24.406,55.993],[-28.325,49.173],[-30.656,42.081],[-32.72,27.997],[-31.719,1.549],[-27.237,-21.628],[-20.752,-40.56],[-13.206,-54.239]],"c":true},"ix":2},"nm":"Path 1","mn":"ADBE Vector Shape - Group","hd":false},{"ind":1,"ty":"sh","ix":2,"ks":{"a":0,"k":{"i":[[7.252,-9.964],[2.201,-5.281],[1.713,-6.888],[0.845,-8.088],[-0.732,-8.735],[-1.112,-4.25],[-2.537,-3.129],[-1.85,-0.678],[0,0],[-1.105,-0.292],[-4.144,0.464],[-2.82,2.989],[-1.564,4.137],[-0.758,8.772],[0.429,8.115],[1.376,6.913],[2.398,5.008],[3.072,1.599]],"o":[[-2.371,3.232],[-2.206,5.282],[-1.713,6.886],[-0.822,8.082],[0.353,4.362],[1.144,4.206],[2.146,2.59],[0,0],[1.085,0.348],[4.332,1.256],[4.146,-0.452],[2.848,-2.965],[3.027,-8.395],[0.748,-8.799],[-0.439,-8.116],[-1.373,-6.906],[-2.364,-5.003],[-4.668,-2.551]],"v":[[-9.639,-51.677],[-16.59,-38.78],[-22.545,-20.422],[-26.485,2.148],[-26.92,27.566],[-24.792,40.569],[-19.479,52.068],[-13.733,56.194],[-12.053,56.81],[-8.853,57.821],[4.079,59.305],[14.702,54.042],[21.135,42.966],[26.188,16.646],[26.547,-8.872],[23.844,-31.548],[18.225,-49.662],[9.748,-60.023]],"c":true},"ix":2},"nm":"Path 2","mn":"ADBE Vector Shape - Group","hd":false},{"ty":"mm","mm":1,"nm":"Merge Paths 1","mn":"ADBE Vector Filter - Merge","hd":false},{"ty":"fl","c":{"a":0,"k":[0.9607843137254902,0.6431372549019608,0.4980392156862745,1],"ix":4},"o":{"a":0,"k":100,"ix":5},"r":1,"bm":0,"nm":"Fill 1","mn":"ADBE Vector Graphic - Fill","hd":false},{"ty":"tr","p":{"a":0,"k":[449.203,797.787],"ix":2},"a":{"a":0,"k":[0,0],"ix":1},"s":{"a":0,"k":[100,100],"ix":3},"r":{"a":0,"k":0,"ix":6},"o":{"a":0,"k":100,"ix":7},"sk":{"a":0,"k":0,"ix":4},"sa":{"a":0,"k":0,"ix":5},"nm":"Transform"}],"nm":"Group 3","np":4,"cix":2,"bm":0,"ix":3,"mn":"ADBE Vector Group","hd":false},{"ty":"gr","it":[{"ind":0,"ty":"sh","ix":1,"ks":{"a":0,"k":{"i":[[25.917,-12.62],[-27.239,-10.634],[-3.826,37.417]],"o":[[-26.449,12.88],[27.239,10.633],[3.826,-37.417]],"v":[[3.103,-59.411],[-10.605,61.398],[34.018,23.075]],"c":true},"ix":2},"nm":"Path 1","mn":"ADBE Vector Shape - Group","hd":false},{"ty":"st","c":{"a":0,"k":[0.9607843137254902,0.6431372549019608,0.4980392156862745,1],"ix":3},"o":{"a":0,"k":100,"ix":4},"w":{"a":0,"k":6.997,"ix":5},"lc":1,"lj":1,"ml":10,"bm":0,"nm":"Stroke 1","mn":"ADBE Vector Graphic - Stroke","hd":false},{"ty":"fl","c":{"a":0,"k":[0.9882352941176471,0.8,0.7019607843137254,1],"ix":4},"o":{"a":0,"k":100,"ix":5},"r":1,"bm":0,"nm":"Fill 1","mn":"ADBE Vector Graphic - Fill","hd":false},{"ty":"tr","p":{"a":0,"k":[444.283,795.354],"ix":2},"a":{"a":0,"k":[0,0],"ix":1},"s":{"a":0,"k":[100,100],"ix":3},"r":{"a":0,"k":0,"ix":6},"o":{"a":0,"k":100,"ix":7},"sk":{"a":0,"k":0,"ix":4},"sa":{"a":0,"k":0,"ix":5},"nm":"Transform"}],"nm":"Group 4","np":3,"cix":2,"bm":0,"ix":4,"mn":"ADBE Vector Group","hd":false},{"ty":"gr","it":[{"ind":0,"ty":"sh","ix":1,"ks":{"a":0,"k":{"i":[[-5.934,2.169],[-4.212,-2.652],[-1.705,-2.123],[-2.157,-6.027],[-0.811,-3.334],[-0.506,-3.607],[0.601,-7.943],[0.63,-4.079],[1.493,-4.131],[3.542,-3.267],[2.17,-0.971],[2.256,-0.408],[2.219,-0.027],[5.341,3.219],[2.176,3.778],[0.907,3.988],[-0.673,7.278],[-1.91,6.071],[-2.491,4.559],[-2.429,2.874]],"o":[[3.395,-1.184],[2.12,1.333],[3.421,4.252],[1.1,3.013],[0.81,3.335],[1.01,7.192],[-0.309,3.997],[-0.648,4.057],[-1.518,4.093],[-1.753,1.622],[-2.17,0.979],[-2.262,0.401],[-6.229,-0.106],[-4.04,-2.408],[-2.185,-3.802],[-1.822,-8.001],[0.693,-7.291],[1.908,-6.074],[2.494,-4.559],[4.484,-5.366]],"v":[[0.703,-53.344],[12.966,-51.608],[18.76,-46.356],[27.047,-30.713],[29.883,-21.171],[31.888,-10.75],[32.783,12.142],[31.464,24.136],[28.46,36.469],[21.143,48.006],[15.185,51.962],[8.495,53.986],[1.77,54.528],[-17.712,50.296],[-27.02,40.537],[-31.517,28.717],[-32.711,5.59],[-28.622,-14.541],[-21.884,-30.556],[-14.336,-41.73]],"c":true},"ix":2},"nm":"Path 1","mn":"ADBE Vector Shape - Group","hd":false},{"ind":1,"ty":"sh","ix":2,"ks":{"a":0,"k":{"i":[[3.895,-4.905],[2.261,-4.329],[1.698,-5.795],[0.518,-6.874],[-1.748,-7.116],[-1.849,-3.089],[-2.977,-1.77],[-4.802,-0.059],[-1.812,0.336],[-2.533,2.355],[-1.32,3.499],[-0.782,7.505],[0.834,6.885],[0.703,3.176],[0.971,2.834],[1.206,2.404],[1.413,1.834],[3.273,-1.112]],"o":[[-2.188,2.692],[-2.257,4.328],[-1.699,5.789],[-0.503,6.852],[0.865,3.549],[1.845,3.087],[4.268,2.538],[1.907,-0.038],[3.617,-0.672],[2.56,-2.325],[2.583,-7.067],[0.705,-7.517],[-0.411,-3.441],[-0.705,-3.175],[-0.966,-2.834],[-1.206,-2.399],[-4.671,-6.015],[-5.14,1.879]],"v":[[-10.879,-38.879],[-17.707,-28.327],[-23.78,-13.069],[-27.28,6.051],[-25.82,27.358],[-21.802,37.463],[-14.526,44.959],[1.767,48.204],[7.384,47.722],[16.841,43.308],[22.553,34.281],[26.732,11.705],[26.262,-9.995],[24.559,-19.935],[22.072,-28.982],[18.849,-36.888],[14.914,-43.28],[1.987,-48.968]],"c":true},"ix":2},"nm":"Path 2","mn":"ADBE Vector Shape - Group","hd":false},{"ty":"mm","mm":1,"nm":"Merge Paths 1","mn":"ADBE Vector Filter - Merge","hd":false},{"ty":"fl","c":{"a":0,"k":[0.9607843137254902,0.6431372549019608,0.4980392156862745,1],"ix":4},"o":{"a":0,"k":100,"ix":5},"r":1,"bm":0,"nm":"Fill 1","mn":"ADBE Vector Graphic - Fill","hd":false},{"ty":"tr","p":{"a":0,"k":[386,809.519],"ix":2},"a":{"a":0,"k":[0,0],"ix":1},"s":{"a":0,"k":[100,100],"ix":3},"r":{"a":0,"k":0,"ix":6},"o":{"a":0,"k":100,"ix":7},"sk":{"a":0,"k":0,"ix":4},"sa":{"a":0,"k":0,"ix":5},"nm":"Transform"}],"nm":"Group 5","np":4,"cix":2,"bm":0,"ix":5,"mn":"ADBE Vector Group","hd":false},{"ty":"gr","it":[{"ind":0,"ty":"sh","ix":1,"ks":{"a":0,"k":{"i":[[22.501,-16.636],[-32.599,-5.973],[-2.287,25.373]],"o":[[-29.752,21.996],[31.758,5.818],[2.832,-31.436]],"v":[[0.078,-43.821],[-4.475,54.638],[34.242,16.709]],"c":true},"ix":2},"nm":"Path 1","mn":"ADBE Vector Shape - Group","hd":false},{"ty":"st","c":{"a":0,"k":[0.9607843137254902,0.6431372549019608,0.4980392156862745,1],"ix":3},"o":{"a":0,"k":100,"ix":4},"w":{"a":0,"k":6.997,"ix":5},"lc":1,"lj":1,"ml":10,"bm":0,"nm":"Stroke 1","mn":"ADBE Vector Graphic - Stroke","hd":false},{"ty":"fl","c":{"a":0,"k":[0.9882352941176471,0.8,0.7019607843137254,1],"ix":4},"o":{"a":0,"k":100,"ix":5},"r":1,"bm":0,"nm":"Fill 1","mn":"ADBE Vector Graphic - Fill","hd":false},{"ty":"tr","p":{"a":0,"k":[381.483,805.167],"ix":2},"a":{"a":0,"k":[0,0],"ix":1},"s":{"a":0,"k":[100,100],"ix":3},"r":{"a":0,"k":0,"ix":6},"o":{"a":0,"k":100,"ix":7},"sk":{"a":0,"k":0,"ix":4},"sa":{"a":0,"k":0,"ix":5},"nm":"Transform"}],"nm":"Group 6","np":3,"cix":2,"bm":0,"ix":6,"mn":"ADBE Vector Group","hd":false},{"ty":"gr","it":[{"ind":0,"ty":"sh","ix":1,"ks":{"a":0,"k":{"i":[[-8.68,9.783],[-4.037,2.041],[-5.573,-1.234],[-3.863,-5.028],[0.577,-10.819],[5.8,-10.918],[15.416,8.078],[2.917,5.671],[0.006,6.177]],"o":[[2.117,-2.268],[3.945,-2.103],[5.558,1.205],[6.694,8.698],[-0.551,8.521],[-8.075,14.651],[-6.174,-3.248],[-2.949,-5.764],[0.374,-13.894]],"v":[[-14.253,-34.709],[-5.269,-41.697],[9.681,-43.716],[24.478,-33.969],[30.943,-5.631],[23.805,24.659],[-13.924,36.872],[-27.878,22.862],[-31.521,5.697]],"c":true},"ix":2},"nm":"Path 1","mn":"ADBE Vector Shape - Group","hd":false},{"ind":1,"ty":"sh","ix":2,"ks":{"a":0,"k":{"i":[[-0.104,-13.079],[-2.687,-4.98],[-5.087,-2.514],[-6.643,11.785],[-0.9,3.047],[-0.324,3.624],[5.541,7.666],[4.305,1.028],[3.303,-1.659],[1.874,-2.032]],"o":[[0.197,5.137],[2.5,4.553],[12.167,6.041],[1.45,-2.725],[2.466,-8.331],[0.732,-9.421],[-3.059,-4.255],[-4.316,-1.05],[-3.359,1.584],[-7.019,7.714]],"v":[[-26.103,5.773],[-22.633,20.095],[-10.999,31.186],[18.089,21.497],[21.679,12.835],[24.889,-5.979],[20.237,-30.777],[8.585,-38.961],[-3.256,-37.608],[-11.042,-31.735]],"c":true},"ix":2},"nm":"Path 2","mn":"ADBE Vector Shape - Group","hd":false},{"ty":"mm","mm":1,"nm":"Merge Paths 1","mn":"ADBE Vector Filter - Merge","hd":false},{"ty":"fl","c":{"a":0,"k":[0.9607843137254902,0.6431372549019608,0.4980392156862745,1],"ix":4},"o":{"a":0,"k":100,"ix":5},"r":1,"bm":0,"nm":"Fill 1","mn":"ADBE Vector Graphic - Fill","hd":false},{"ty":"tr","p":{"a":0,"k":[323.813,807.308],"ix":2},"a":{"a":0,"k":[0,0],"ix":1},"s":{"a":0,"k":[100,100],"ix":3},"r":{"a":0,"k":0,"ix":6},"o":{"a":0,"k":100,"ix":7},"sk":{"a":0,"k":0,"ix":4},"sa":{"a":0,"k":0,"ix":5},"nm":"Transform"}],"nm":"Group 7","np":4,"cix":2,"bm":0,"ix":7,"mn":"ADBE Vector Group","hd":false},{"ty":"gr","it":[{"ind":0,"ty":"sh","ix":1,"ks":{"a":0,"k":{"i":[[18.343,-30.19],[-16.266,6.963],[0.205,23.345]],"o":[[-29.235,48.116],[16.266,-6.963],[-0.204,-23.345]],"v":[[-8.638,-19.27],[16.785,42.496],[37.668,-8.611]],"c":true},"ix":2},"nm":"Path 1","mn":"ADBE Vector Shape - Group","hd":false},{"ty":"st","c":{"a":0,"k":[0.9607843137254902,0.6431372549019608,0.4980392156862745,1],"ix":3},"o":{"a":0,"k":100,"ix":4},"w":{"a":0,"k":6.997,"ix":5},"lc":1,"lj":1,"ml":10,"bm":0,"nm":"Stroke 1","mn":"ADBE Vector Graphic - Stroke","hd":false},{"ty":"fl","c":{"a":0,"k":[0.9882352941176471,0.8,0.7019607843137254,1],"ix":4},"o":{"a":0,"k":100,"ix":5},"r":1,"bm":0,"nm":"Fill 1","mn":"ADBE Vector Graphic - Fill","hd":false},{"ty":"tr","p":{"a":0,"k":[316.612,800.564],"ix":2},"a":{"a":0,"k":[0,0],"ix":1},"s":{"a":0,"k":[100,100],"ix":3},"r":{"a":0,"k":0,"ix":6},"o":{"a":0,"k":100,"ix":7},"sk":{"a":0,"k":0,"ix":4},"sa":{"a":0,"k":0,"ix":5},"nm":"Transform"}],"nm":"Group 8","np":3,"cix":2,"bm":0,"ix":8,"mn":"ADBE Vector Group","hd":false}],"ip":24,"op":878,"st":-2,"bm":0},{"ddd":0,"ind":4,"ty":4,"nm":"hand 2 ","sr":1,"ks":{"o":{"a":0,"k":100,"ix":11},"r":{"a":0,"k":0,"ix":10},"p":{"a":1,"k":[{"i":{"x":0.833,"y":0.833},"o":{"x":0.333,"y":0},"t":0,"s":[720,423,0],"to":[40,0,0],"ti":[-40,0,0]},{"t":19,"s":[960,423,0]}],"ix":2},"a":{"a":0,"k":[960,540,0],"ix":1},"s":{"a":0,"k":[59,59,100],"ix":6}},"ao":0,"shapes":[{"ty":"gr","it":[{"ind":0,"ty":"sh","ix":1,"ks":{"a":0,"k":{"i":[[0,0],[0,0],[0,0],[0,0]],"o":[[0,0],[0,0],[0,0],[0,0]],"v":[[34.856,56.308],[-66.217,0.941],[-34.856,-56.308],[66.217,-0.94]],"c":true},"ix":2},"nm":"Path 1","mn":"ADBE Vector Shape - Group","hd":false},{"ty":"fl","c":{"a":0,"k":[0.8627450980392157,0.8627450980392157,0.8627450980392157,1],"ix":4},"o":{"a":0,"k":100,"ix":5},"r":1,"bm":0,"nm":"Fill 1","mn":"ADBE Vector Graphic - Fill","hd":false},{"ty":"tr","p":{"a":0,"k":[538.543,499.442],"ix":2},"a":{"a":0,"k":[0,0],"ix":1},"s":{"a":0,"k":[100,100],"ix":3},"r":{"a":0,"k":0,"ix":6},"o":{"a":0,"k":100,"ix":7},"sk":{"a":0,"k":0,"ix":4},"sa":{"a":0,"k":0,"ix":5},"nm":"Transform"}],"nm":"Group 1","np":2,"cix":2,"bm":0,"ix":1,"mn":"ADBE Vector Group","hd":false},{"ty":"gr","it":[{"ind":0,"ty":"sh","ix":1,"ks":{"a":0,"k":{"i":[[0,0],[0,0],[0,0],[0,0]],"o":[[0,0],[0,0],[0,0],[0,0]],"v":[[-100.401,72.223],[-6.435,123.697],[100.84,-72.131],[6.873,-123.605]],"c":true},"ix":2},"nm":"Path 1","mn":"ADBE Vector Shape - Group","hd":false},{"ind":1,"ty":"sh","ix":2,"ks":{"a":0,"k":{"i":[[1.318,-0.103],[0.717,0.392],[0,0],[-1.075,1.963],[0,0],[-1.031,0.301],[-0.942,-0.516],[0,0],[-0.301,-1.032],[0.516,-0.942],[0,0]],"o":[[-0.758,0.06],[0,0],[-1.963,-1.075],[0,0],[0.516,-0.943],[1.032,-0.304],[0,0],[0.943,0.516],[0.302,1.031],[0,0],[-0.682,1.247]],"v":[[-4.516,133.238],[-6.776,132.751],[-107.847,77.384],[-109.454,71.884],[1.713,-131.051],[4.13,-132.993],[7.213,-132.658],[108.286,-77.29],[110.228,-74.872],[109.893,-71.79],[-1.276,131.144]],"c":true},"ix":2},"nm":"Path 2","mn":"ADBE Vector Shape - Group","hd":false},{"ty":"mm","mm":1,"nm":"Merge Paths 1","mn":"ADBE Vector Filter - Merge","hd":false},{"ty":"fl","c":{"a":0,"k":[0.8627450980392157,0.8627450980392157,0.8627450980392157,1],"ix":4},"o":{"a":0,"k":100,"ix":5},"r":1,"bm":0,"nm":"Fill 1","mn":"ADBE Vector Graphic - Fill","hd":false},{"ty":"tr","p":{"a":0,"k":[578.228,426.552],"ix":2},"a":{"a":0,"k":[0,0],"ix":1},"s":{"a":0,"k":[100,100],"ix":3},"r":{"a":0,"k":0,"ix":6},"o":{"a":0,"k":100,"ix":7},"sk":{"a":0,"k":0,"ix":4},"sa":{"a":0,"k":0,"ix":5},"nm":"Transform"}],"nm":"Group 2","np":4,"cix":2,"bm":0,"ix":2,"mn":"ADBE Vector Group","hd":false},{"ty":"gr","it":[{"ind":0,"ty":"sh","ix":1,"ks":{"a":0,"k":{"i":[[0,0],[0,0],[0,0],[0,0]],"o":[[0,0],[0,0],[0,0],[0,0]],"v":[[-5.047,129.151],[-106.12,73.784],[5.047,-129.151],[106.12,-73.784]],"c":true},"ix":2},"nm":"Path 1","mn":"ADBE Vector Shape - Group","hd":false},{"ty":"fl","c":{"a":0,"k":[0.9803921568627451,0.9529411764705882,0.9215686274509803,1],"ix":4},"o":{"a":0,"k":100,"ix":5},"r":1,"bm":0,"nm":"Fill 1","mn":"ADBE Vector Graphic - Fill","hd":false},{"ty":"tr","p":{"a":0,"k":[578.446,426.599],"ix":2},"a":{"a":0,"k":[0,0],"ix":1},"s":{"a":0,"k":[100,100],"ix":3},"r":{"a":0,"k":0,"ix":6},"o":{"a":0,"k":100,"ix":7},"sk":{"a":0,"k":0,"ix":4},"sa":{"a":0,"k":0,"ix":5},"nm":"Transform"}],"nm":"Group 3","np":2,"cix":2,"bm":0,"ix":3,"mn":"ADBE Vector Group","hd":false},{"ty":"gr","it":[{"ind":0,"ty":"sh","ix":1,"ks":{"a":0,"k":{"i":[[0,0],[0,0],[0,0],[0,0]],"o":[[0,0],[0,0],[0,0],[0,0]],"v":[[-91.136,65.693],[-6.411,112.105],[90.698,-65.167],[5.974,-111.578]],"c":true},"ix":2},"nm":"Path 1","mn":"ADBE Vector Shape - Group","hd":false},{"ind":1,"ty":"sh","ix":2,"ks":{"a":0,"k":{"i":[[0.275,-0.021],[0.697,0.381],[0,0],[0.302,1.032],[-0.516,0.942],[0,0],[-1.963,-1.074],[0,0],[1.075,-1.962],[0,0],[1.031,-0.301]],"o":[[-0.78,0.062],[0,0],[-0.943,-0.516],[-0.301,-1.032],[0,0],[1.076,-1.962],[0,0],[1.963,1.075],[0,0],[-0.516,0.944],[-0.27,0.079]],"v":[[-4.488,121.644],[-6.751,121.159],[-98.582,70.853],[-100.525,68.436],[-100.189,65.354],[0.814,-119.025],[6.314,-120.632],[98.144,-70.327],[99.751,-64.828],[-1.252,119.551],[-3.668,121.494]],"c":true},"ix":2},"nm":"Path 2","mn":"ADBE Vector Shape - Group","hd":false},{"ty":"mm","mm":1,"nm":"Merge Paths 1","mn":"ADBE Vector Filter - Merge","hd":false},{"ty":"fl","c":{"a":0,"k":[0.8627450980392157,0.8627450980392157,0.8627450980392157,1],"ix":4},"o":{"a":0,"k":100,"ix":5},"r":1,"bm":0,"nm":"Fill 1","mn":"ADBE Vector Graphic - Fill","hd":false},{"ty":"tr","p":{"a":0,"k":[608.869,442.881],"ix":2},"a":{"a":0,"k":[0,0],"ix":1},"s":{"a":0,"k":[100,100],"ix":3},"r":{"a":0,"k":0,"ix":6},"o":{"a":0,"k":100,"ix":7},"sk":{"a":0,"k":0,"ix":4},"sa":{"a":0,"k":0,"ix":5},"nm":"Transform"}],"nm":"Group 4","np":4,"cix":2,"bm":0,"ix":4,"mn":"ADBE Vector Group","hd":false},{"ty":"gr","it":[{"ind":0,"ty":"sh","ix":1,"ks":{"a":0,"k":{"i":[[0,0],[0,0],[0,0],[0,0]],"o":[[0,0],[0,0],[0,0],[0,0]],"v":[[29.556,55.017],[-62.276,4.712],[-29.555,-55.017],[62.276,-4.712]],"c":true},"ix":2},"nm":"Path 1","mn":"ADBE Vector Shape - Group","hd":false},{"ty":"fl","c":{"a":0,"k":[0.808000033509,0.808000033509,0.808000033509,1],"ix":4},"o":{"a":0,"k":100,"ix":5},"r":1,"bm":0,"nm":"Fill 1","mn":"ADBE Vector Graphic - Fill","hd":false},{"ty":"tr","p":{"a":0,"k":[574.508,505.469],"ix":2},"a":{"a":0,"k":[0,0],"ix":1},"s":{"a":0,"k":[100,100],"ix":3},"r":{"a":0,"k":0,"ix":6},"o":{"a":0,"k":100,"ix":7},"sk":{"a":0,"k":0,"ix":4},"sa":{"a":0,"k":0,"ix":5},"nm":"Transform"}],"nm":"Group 5","np":2,"cix":2,"bm":0,"ix":5,"mn":"ADBE Vector Group","hd":false},{"ty":"gr","it":[{"ind":0,"ty":"sh","ix":1,"ks":{"a":0,"k":{"i":[[0,0],[0,0],[0,0],[0,0]],"o":[[0,0],[0,0],[0,0],[0,0]],"v":[[-4.586,117.342],[-96.417,67.037],[4.586,-117.342],[96.417,-67.037]],"c":true},"ix":2},"nm":"Path 1","mn":"ADBE Vector Shape - Group","hd":false},{"ty":"fl","c":{"a":0,"k":[0.957000014361,0.957000014361,0.957000014361,1],"ix":4},"o":{"a":0,"k":100,"ix":5},"r":1,"bm":0,"nm":"Fill 1","mn":"ADBE Vector Graphic - Fill","hd":false},{"ty":"tr","p":{"a":0,"k":[608.65,443.144],"ix":2},"a":{"a":0,"k":[0,0],"ix":1},"s":{"a":0,"k":[100,100],"ix":3},"r":{"a":0,"k":0,"ix":6},"o":{"a":0,"k":100,"ix":7},"sk":{"a":0,"k":0,"ix":4},"sa":{"a":0,"k":0,"ix":5},"nm":"Transform"}],"nm":"Group 6","np":2,"cix":2,"bm":0,"ix":6,"mn":"ADBE Vector Group","hd":false},{"ty":"gr","it":[{"ty":"gr","it":[{"ind":0,"ty":"sh","ix":1,"ks":{"a":0,"k":{"i":[[0,0],[-9.998,-4.436],[-1.821,-1.122],[0,0],[6.163,2.745],[1.124,0.578],[3.464,3.979]],"o":[[2.112,0.722],[1.887,0.819],[0,0],[-6.784,0.621],[-1.169,-0.533],[-4.762,-2.654],[0,0]],"v":[[-16.965,-9.593],[0.926,-1.774],[18.544,6.177],[18.125,8.972],[-1.956,4.61],[-5.38,2.887],[-18.543,-7.247]],"c":true},"ix":2},"nm":"Path 1","mn":"ADBE Vector Shape - Group","hd":false},{"ty":"fl","c":{"a":0,"k":[0.9607843137254902,0.6431372549019608,0.4980392156862745,1],"ix":4},"o":{"a":0,"k":100,"ix":5},"r":1,"bm":0,"nm":"Fill 1","mn":"ADBE Vector Graphic - Fill","hd":false},{"ty":"tr","p":{"a":0,"k":[958.406,549.085],"ix":2},"a":{"a":0,"k":[0,0],"ix":1},"s":{"a":0,"k":[100,100],"ix":3},"r":{"a":0,"k":0,"ix":6},"o":{"a":0,"k":100,"ix":7},"sk":{"a":0,"k":0,"ix":4},"sa":{"a":0,"k":0,"ix":5},"nm":"Transform"}],"nm":"Group 7","np":2,"cix":2,"bm":0,"ix":1,"mn":"ADBE Vector Group","hd":false},{"ty":"gr","it":[{"ind":0,"ty":"sh","ix":1,"ks":{"a":0,"k":{"i":[[0,0],[-6.878,-2.748],[-4.498,-1.476],[-3.607,-1.631],[0,0],[4.262,0.893],[3.915,2.237],[2.054,4.445]],"o":[[1.551,1.252],[4.35,1.771],[3.624,1.2],[0,0],[-4.413,0.49],[-5.791,-1.202],[-4.23,-2.42],[0,0]],"v":[[-17.618,-9.391],[-6.729,-3.378],[7.377,1.516],[19.848,6.101],[19.46,8.901],[5.655,7.985],[-9.539,2.39],[-19.848,-7.654]],"c":true},"ix":2},"nm":"Path 1","mn":"ADBE Vector Shape - Group","hd":false},{"ty":"fl","c":{"a":0,"k":[0.9607843137254902,0.6431372549019608,0.4980392156862745,1],"ix":4},"o":{"a":0,"k":100,"ix":5},"r":1,"bm":0,"nm":"Fill 1","mn":"ADBE Vector Graphic - Fill","hd":false},{"ty":"tr","p":{"a":0,"k":[912.968,593.698],"ix":2},"a":{"a":0,"k":[0,0],"ix":1},"s":{"a":0,"k":[100,100],"ix":3},"r":{"a":0,"k":0,"ix":6},"o":{"a":0,"k":100,"ix":7},"sk":{"a":0,"k":0,"ix":4},"sa":{"a":0,"k":0,"ix":5},"nm":"Transform"}],"nm":"Group 8","np":2,"cix":2,"bm":0,"ix":2,"mn":"ADBE Vector Group","hd":false},{"ty":"gr","it":[{"ind":0,"ty":"sh","ix":1,"ks":{"a":0,"k":{"i":[[0,0],[-11.041,-3.444],[-5.296,-1.574],[0,0],[7.661,2.634],[3.894,7.835]],"o":[[4.436,3.824],[7.897,2.447],[0,0],[-7.695,1.36],[-8.245,-2.666],[0,0]],"v":[[-20.677,-10.522],[-0.273,0.091],[22.91,6.336],[22.819,9.162],[-2.435,6.753],[-22.911,-8.79]],"c":true},"ix":2},"nm":"Path 1","mn":"ADBE Vector Shape - Group","hd":false},{"ty":"fl","c":{"a":0,"k":[0.9607843137254902,0.6431372549019608,0.4980392156862745,1],"ix":4},"o":{"a":0,"k":100,"ix":5},"r":1,"bm":0,"nm":"Fill 1","mn":"ADBE Vector Graphic - Fill","hd":false},{"ty":"tr","p":{"a":0,"k":[876.948,638.343],"ix":2},"a":{"a":0,"k":[0,0],"ix":1},"s":{"a":0,"k":[100,100],"ix":3},"r":{"a":0,"k":0,"ix":6},"o":{"a":0,"k":100,"ix":7},"sk":{"a":0,"k":0,"ix":4},"sa":{"a":0,"k":0,"ix":5},"nm":"Transform"}],"nm":"Group 9","np":2,"cix":2,"bm":0,"ix":3,"mn":"ADBE Vector Group","hd":false},{"ty":"tr","p":{"a":1,"k":[{"i":{"x":0.667,"y":1},"o":{"x":0.167,"y":0.167},"t":19,"s":[915.493,593.788],"to":[9.167,4.167],"ti":[-9.167,-4.167]},{"t":29,"s":[970.493,618.788]}],"ix":2},"a":{"a":0,"k":[915.493,593.788],"ix":1},"s":{"a":0,"k":[100,100],"ix":3},"r":{"a":0,"k":0,"ix":6},"o":{"a":0,"k":100,"ix":7},"sk":{"a":0,"k":0,"ix":4},"sa":{"a":0,"k":0,"ix":5},"nm":"Transform"}],"nm":"Group 11","np":3,"cix":2,"bm":0,"ix":7,"mn":"ADBE Vector Group","hd":false},{"ty":"gr","it":[{"ind":0,"ty":"sh","ix":1,"ks":{"a":1,"k":[{"i":{"x":0.667,"y":1},"o":{"x":0.167,"y":0.167},"t":19,"s":[{"i":[[0,0],[12.595,-41.983],[0,0],[23.79,-33.586],[0,0],[13.994,-20.991],[0,0],[6.997,-30.787],[69.97,142.74],[0,0],[0,0],[0,0],[0,0]],"o":[[102.157,85.364],[-12.595,41.982],[0,0],[-23.79,33.586],[0,0],[-13.994,20.991],[0,0],[-6.997,30.787],[0,0],[0,0],[0,0],[0,0],[0,0]],"v":[[32.886,-98.659],[335.159,80.466],[65.072,-4.898],[335.159,157.434],[23.09,41.283],[265.188,179.825],[-13.295,91.661],[151.836,191.019],[-262.39,-10.495],[-358.949,-60.874],[-287.579,-221.806],[-202.389,-181.177],[-196.618,-178.425]],"c":false}]},{"t":29,"s":[{"i":[[0,0],[33.096,-49.127],[0,0],[29.719,-34.561],[0,0],[20.028,-33.223],[0,0],[17.017,-26.594],[69.97,142.74],[0,0],[0,0],[0,0],[0,0]],"o":[[131.992,33.396],[-19.434,28.847],[0,0],[-31.19,36.271],[0,0],[-18.412,30.541],[0,0],[-22.552,35.243],[0,0],[0,0],[0,0],[0,0],[0,0]],"v":[[29.496,-107.133],[287.701,58.433],[151.513,8.661],[257.193,113.366],[94.277,65.011],[185.527,144.231],[59.586,115.39],[117.938,165.596],[-262.39,-10.495],[-358.949,-60.874],[-287.579,-221.806],[-202.389,-181.177],[-196.618,-178.425]],"c":false}]}],"ix":2},"nm":"Path 1","mn":"ADBE Vector Shape - Group","hd":false},{"ty":"st","c":{"a":0,"k":[0.9607843137254902,0.6431372549019608,0.4980392156862745,1],"ix":3},"o":{"a":0,"k":100,"ix":4},"w":{"a":0,"k":6.997,"ix":5},"lc":1,"lj":1,"ml":10,"bm":0,"nm":"Stroke 1","mn":"ADBE Vector Graphic - Stroke","hd":false},{"ty":"fl","c":{"a":0,"k":[0.9882352941176471,0.8,0.7019607843137254,1],"ix":4},"o":{"a":0,"k":100,"ix":5},"r":1,"bm":0,"nm":"Fill 1","mn":"ADBE Vector Graphic - Fill","hd":false},{"ty":"tr","p":{"a":0,"k":[920.546,581.534],"ix":2},"a":{"a":0,"k":[0,0],"ix":1},"s":{"a":0,"k":[100,100],"ix":3},"r":{"a":0,"k":0,"ix":6},"o":{"a":0,"k":100,"ix":7},"sk":{"a":0,"k":0,"ix":4},"sa":{"a":0,"k":0,"ix":5},"nm":"Transform"}],"nm":"Group 10","np":3,"cix":2,"bm":0,"ix":8,"mn":"ADBE Vector Group","hd":false}],"ip":0,"op":876,"st":-1149,"bm":0},{"ddd":0,"ind":5,"ty":4,"nm":"hand 1 ","sr":1,"ks":{"o":{"a":0,"k":100,"ix":11},"r":{"a":0,"k":0,"ix":10},"p":{"a":1,"k":[{"i":{"x":0.833,"y":0.833},"o":{"x":0.333,"y":0},"t":0,"s":[1200,423,0],"to":[-40,0,0],"ti":[40,0,0]},{"t":19,"s":[960,423,0]}],"ix":2},"a":{"a":0,"k":[960,540,0],"ix":1},"s":{"a":0,"k":[59,59,100],"ix":6}},"ao":0,"shapes":[{"ty":"gr","it":[{"ind":0,"ty":"sh","ix":1,"ks":{"a":0,"k":{"i":[[0,0],[0,0],[0,0],[0,0]],"o":[[0,0],[0,0],[0,0],[0,0]],"v":[[-36.467,55.278],[66.161,2.852],[36.468,-55.278],[-66.161,-2.852]],"c":true},"ix":2},"nm":"Path 1","mn":"ADBE Vector Shape - Group","hd":false},{"ty":"fl","c":{"a":0,"k":[0.8627450980392157,0.8627450980392157,0.8627450980392157,1],"ix":4},"o":{"a":0,"k":100,"ix":5},"r":1,"bm":0,"nm":"Fill 1","mn":"ADBE Vector Graphic - Fill","hd":false},{"ty":"tr","p":{"a":0,"k":[1369.842,507.578],"ix":2},"a":{"a":0,"k":[0,0],"ix":1},"s":{"a":0,"k":[100,100],"ix":3},"r":{"a":0,"k":0,"ix":6},"o":{"a":0,"k":100,"ix":7},"sk":{"a":0,"k":0,"ix":4},"sa":{"a":0,"k":0,"ix":5},"nm":"Transform"}],"nm":"Group 1","np":2,"cix":2,"bm":0,"ix":1,"mn":"ADBE Vector Group","hd":false},{"ty":"gr","it":[{"ind":0,"ty":"sh","ix":1,"ks":{"a":0,"k":{"i":[[0,0],[0,0],[0,0],[0,0]],"o":[[0,0],[0,0],[0,0],[0,0]],"v":[[-98.715,-74.795],[2.861,124.049],[98.274,75.309],[-3.302,-123.535]],"c":true},"ix":2},"nm":"Path 1","mn":"ADBE Vector Shape - Group","hd":false},{"ind":1,"ty":"sh","ix":2,"ks":{"a":0,"k":{"i":[[0.777,0.084],[0.267,0.087],[0.49,0.958],[0,0],[-0.331,1.022],[-0.957,0.489],[0,0],[-1.019,-1.993],[0,0],[1.993,-1.018],[0,0]],"o":[[-0.276,-0.03],[-1.023,-0.331],[0,0],[-0.489,-0.957],[0.332,-1.023],[0,0],[1.992,-1.019],[0,0],[1.018,1.993],[0,0],[-0.707,0.36]],"v":[[0.664,133.529],[-0.151,133.355],[-2.512,131.343],[-107.775,-74.717],[-108.021,-77.808],[-106.009,-80.168],[-3.379,-132.594],[2.073,-130.829],[107.334,75.231],[105.568,80.682],[2.939,133.109]],"c":true},"ix":2},"nm":"Path 2","mn":"ADBE Vector Shape - Group","hd":false},{"ty":"mm","mm":1,"nm":"Merge Paths 1","mn":"ADBE Vector Filter - Merge","hd":false},{"ty":"fl","c":{"a":0,"k":[0.8627450980392157,0.8627450980392157,0.8627450980392157,1],"ix":4},"o":{"a":0,"k":100,"ix":5},"r":1,"bm":0,"nm":"Fill 1","mn":"ADBE Vector Graphic - Fill","hd":false},{"ty":"tr","p":{"a":0,"k":[1332.278,433.355],"ix":2},"a":{"a":0,"k":[0,0],"ix":1},"s":{"a":0,"k":[100,100],"ix":3},"r":{"a":0,"k":0,"ix":6},"o":{"a":0,"k":100,"ix":7},"sk":{"a":0,"k":0,"ix":4},"sa":{"a":0,"k":0,"ix":5},"nm":"Transform"}],"nm":"Group 2","np":4,"cix":2,"bm":0,"ix":2,"mn":"ADBE Vector Group","hd":false},{"ty":"gr","it":[{"ind":0,"ty":"sh","ix":1,"ks":{"a":0,"k":{"i":[[0,0],[0,0],[0,0],[0,0]],"o":[[0,0],[0,0],[0,0],[0,0]],"v":[[1.317,129.243],[103.946,76.817],[-1.316,-129.243],[-103.945,-76.818]],"c":true},"ix":2},"nm":"Path 1","mn":"ADBE Vector Shape - Group","hd":false},{"ty":"fl","c":{"a":0,"k":[0.7647058823529411,0.9568627450980393,0.30196078431372547,1],"ix":4},"o":{"a":0,"k":100,"ix":5},"r":1,"bm":0,"nm":"Fill 1","mn":"ADBE Vector Graphic - Fill","hd":false},{"ty":"tr","p":{"a":0,"k":[1332.058,433.613],"ix":2},"a":{"a":0,"k":[0,0],"ix":1},"s":{"a":0,"k":[100,100],"ix":3},"r":{"a":0,"k":0,"ix":6},"o":{"a":0,"k":100,"ix":7},"sk":{"a":0,"k":0,"ix":4},"sa":{"a":0,"k":0,"ix":5},"nm":"Transform"}],"nm":"Group 3","np":2,"cix":2,"bm":0,"ix":3,"mn":"ADBE Vector Group","hd":false},{"ty":"gr","it":[{"ind":0,"ty":"sh","ix":1,"ks":{"a":0,"k":{"i":[[0,0],[0,0],[0,0],[0,0]],"o":[[0,0],[0,0],[0,0],[0,0]],"v":[[-88.989,-67.771],[2.96,112.232],[88.989,68.286],[-2.961,-111.716]],"c":true},"ix":2},"nm":"Path 1","mn":"ADBE Vector Shape - Group","hd":false},{"ind":1,"ty":"sh","ix":2,"ks":{"a":0,"k":{"i":[[0.777,0.083],[0.266,0.086],[0.49,0.957],[0,0],[-1.993,1.018],[0,0],[-1.019,-1.993],[0,0],[1.994,-1.018],[0,0]],"o":[[-0.275,-0.03],[-1.024,-0.331],[0,0],[-1.017,-1.993],[0,0],[1.992,-1.019],[0,0],[1.018,1.992],[0,0],[-0.708,0.361]],"v":[[0.763,121.711],[-0.051,121.537],[-2.413,119.526],[-98.05,-67.693],[-96.284,-73.143],[-3.04,-120.775],[2.412,-119.01],[98.049,68.208],[96.283,73.659],[3.039,121.291]],"c":true},"ix":2},"nm":"Path 2","mn":"ADBE Vector Shape - Group","hd":false},{"ty":"mm","mm":1,"nm":"Merge Paths 1","mn":"ADBE Vector Filter - Merge","hd":false},{"ty":"fl","c":{"a":0,"k":[0.8627450980392157,0.8627450980392157,0.8627450980392157,1],"ix":4},"o":{"a":0,"k":100,"ix":5},"r":1,"bm":0,"nm":"Fill 1","mn":"ADBE Vector Graphic - Fill","hd":false},{"ty":"tr","p":{"a":0,"k":[1301.39,449.021],"ix":2},"a":{"a":0,"k":[0,0],"ix":1},"s":{"a":0,"k":[100,100],"ix":3},"r":{"a":0,"k":0,"ix":6},"o":{"a":0,"k":100,"ix":7},"sk":{"a":0,"k":0,"ix":4},"sa":{"a":0,"k":0,"ix":5},"nm":"Transform"}],"nm":"Group 4","np":4,"cix":2,"bm":0,"ix":4,"mn":"ADBE Vector Group","hd":false},{"ty":"gr","it":[{"ind":0,"ty":"sh","ix":1,"ks":{"a":0,"k":{"i":[[0,0],[0,0],[0,0],[0,0]],"o":[[0,0],[0,0],[0,0],[0,0]],"v":[[-31.132,54.141],[62.113,6.508],[31.132,-54.141],[-62.113,-6.508]],"c":true},"ix":2},"nm":"Path 1","mn":"ADBE Vector Shape - Group","hd":false},{"ty":"fl","c":{"a":0,"k":[0.808000033509,0.808000033509,0.808000033509,1],"ix":4},"o":{"a":0,"k":100,"ix":5},"r":1,"bm":0,"nm":"Fill 1","mn":"ADBE Vector Graphic - Fill","hd":false},{"ty":"tr","p":{"a":0,"k":[1333.718,512.563],"ix":2},"a":{"a":0,"k":[0,0],"ix":1},"s":{"a":0,"k":[100,100],"ix":3},"r":{"a":0,"k":0,"ix":6},"o":{"a":0,"k":100,"ix":7},"sk":{"a":0,"k":0,"ix":4},"sa":{"a":0,"k":0,"ix":5},"nm":"Transform"}],"nm":"Group 5","np":2,"cix":2,"bm":0,"ix":5,"mn":"ADBE Vector Group","hd":false},{"ty":"gr","it":[{"ind":0,"ty":"sh","ix":1,"ks":{"a":0,"k":{"i":[[0,0],[0,0],[0,0],[0,0]],"o":[[0,0],[0,0],[0,0],[0,0]],"v":[[1.196,117.425],[94.441,69.792],[-1.196,-117.425],[-94.441,-69.794]],"c":true},"ix":2},"nm":"Path 1","mn":"ADBE Vector Shape - Group","hd":false},{"ty":"fl","c":{"a":0,"k":[0.957000014361,0.957000014361,0.957000014361,1],"ix":4},"o":{"a":0,"k":100,"ix":5},"r":1,"bm":0,"nm":"Fill 1","mn":"ADBE Vector Graphic - Fill","hd":false},{"ty":"tr","p":{"a":0,"k":[1301.39,449.279],"ix":2},"a":{"a":0,"k":[0,0],"ix":1},"s":{"a":0,"k":[100,100],"ix":3},"r":{"a":0,"k":0,"ix":6},"o":{"a":0,"k":100,"ix":7},"sk":{"a":0,"k":0,"ix":4},"sa":{"a":0,"k":0,"ix":5},"nm":"Transform"}],"nm":"Group 6","np":2,"cix":2,"bm":0,"ix":6,"mn":"ADBE Vector Group","hd":false},{"ty":"gr","it":[{"ind":0,"ty":"sh","ix":1,"ks":{"a":0,"k":{"i":[[7.619,10.42],[-14.026,-9.601],[-19.747,-4],[-27.973,8.111],[-9.715,4.262],[-2.463,1.552],[4.678,-2.825],[10.578,-3.904],[29.492,7.106],[16.068,13.718]],"o":[[6.32,5.773],[15.841,10.579],[28.036,5.789],[10.467,-2.971],[9.988,-4.383],[-3.849,3.866],[-9.343,5.691],[-27.939,10.407],[-18.426,-4.225],[-11.013,-9.381]],"v":[[-108.637,-31.536],[-79.646,-7.914],[-26.152,15.495],[57.534,11.047],[88.786,-0.242],[108.637,-10.125],[90.472,3.003],[59.759,17.818],[-28.205,24.43],[-82.945,-3.563]],"c":true},"ix":2},"nm":"Path 1","mn":"ADBE Vector Shape - Group","hd":false},{"ty":"fl","c":{"a":0,"k":[0.9607843137254902,0.6431372549019608,0.4980392156862745,1],"ix":4},"o":{"a":0,"k":100,"ix":5},"r":1,"bm":0,"nm":"Fill 1","mn":"ADBE Vector Graphic - Fill","hd":false},{"ty":"tr","p":{"a":0,"k":[1099.297,478.692],"ix":2},"a":{"a":0,"k":[0,0],"ix":1},"s":{"a":0,"k":[100,100],"ix":3},"r":{"a":0,"k":0,"ix":6},"o":{"a":0,"k":100,"ix":7},"sk":{"a":0,"k":0,"ix":4},"sa":{"a":0,"k":0,"ix":5},"nm":"Transform"}],"nm":"Group 7","np":2,"cix":2,"bm":0,"ix":7,"mn":"ADBE Vector Group","hd":false},{"ty":"gr","it":[{"ind":0,"ty":"sh","ix":1,"ks":{"a":0,"k":{"i":[[1.067,-9.662],[-2.928,18.429],[-13.596,7.372],[3.75,-21.043]],"o":[[-4.576,-17.882],[5.337,-34.587],[-14.084,17.959],[-4.631,22.118]],"v":[[-15.513,61.148],[-17.859,6.937],[20.786,-61.148],[-8.844,8.604]],"c":true},"ix":2},"nm":"Path 1","mn":"ADBE Vector Shape - Group","hd":false},{"ty":"fl","c":{"a":0,"k":[0.9607843137254902,0.6431372549019608,0.4980392156862745,1],"ix":4},"o":{"a":0,"k":100,"ix":5},"r":1,"bm":0,"nm":"Fill 1","mn":"ADBE Vector Graphic - Fill","hd":false},{"ty":"tr","p":{"a":0,"k":[1102.211,585.592],"ix":2},"a":{"a":0,"k":[0,0],"ix":1},"s":{"a":0,"k":[100,100],"ix":3},"r":{"a":0,"k":0,"ix":6},"o":{"a":0,"k":100,"ix":7},"sk":{"a":0,"k":0,"ix":4},"sa":{"a":0,"k":0,"ix":5},"nm":"Transform"}],"nm":"Group 8","np":2,"cix":2,"bm":0,"ix":8,"mn":"ADBE Vector Group","hd":false},{"ty":"gr","it":[{"ind":0,"ty":"sh","ix":1,"ks":{"a":0,"k":{"i":[[-4.061,-15.377],[12.388,19.455],[3.09,4.282],[13.867,15.313],[9.107,9.206],[-13.797,-12.555],[-11.611,-15.464],[-5.967,-11.601]],"o":[[-4.729,-8.087],[-13.677,-20.839],[-10.777,-14.058],[-7.388,-8.299],[5.596,2.946],[15.054,13.566],[8.48,11.693],[6.739,13.806]],"v":[[53.061,69.398],[32.137,34.329],[10.033,2.695],[-25.03,-39.64],[-53.061,-69.398],[-19.985,-44.673],[17.568,-2.887],[38.293,30.798]],"c":true},"ix":2},"nm":"Path 1","mn":"ADBE Vector Shape - Group","hd":false},{"ty":"fl","c":{"a":0,"k":[0.9607843137254902,0.6431372549019608,0.4980392156862745,1],"ix":4},"o":{"a":0,"k":100,"ix":5},"r":1,"bm":0,"nm":"Fill 1","mn":"ADBE Vector Graphic - Fill","hd":false},{"ty":"tr","p":{"a":0,"k":[1033.435,582.473],"ix":2},"a":{"a":0,"k":[0,0],"ix":1},"s":{"a":0,"k":[100,100],"ix":3},"r":{"a":0,"k":0,"ix":6},"o":{"a":0,"k":100,"ix":7},"sk":{"a":0,"k":0,"ix":4},"sa":{"a":0,"k":0,"ix":5},"nm":"Transform"}],"nm":"Group 9","np":2,"cix":2,"bm":0,"ix":9,"mn":"ADBE Vector Group","hd":false},{"ty":"gr","it":[{"ind":0,"ty":"sh","ix":1,"ks":{"a":1,"k":[{"i":{"x":0.833,"y":0.833},"o":{"x":0.167,"y":0.167},"t":19,"s":[{"i":[[0,0],[0,0],[239.299,-32.187],[12.595,-26.589],[41.982,-62.974],[-12.595,-41.982],[0,0],[-23.79,-33.586],[0,0],[-13.994,-20.991],[0,0],[-6.997,-30.787],[-69.971,142.74],[0,0]],"o":[[0,0],[0,0],[-118.95,18.192],[-50.378,127.346],[-102.158,85.364],[12.594,41.983],[0,0],[23.79,33.586],[0,0],[13.995,20.991],[0,0],[6.998,30.787],[0,0],[0,0]],"v":[[287.579,-198.716],[196.617,-155.335],[-49.679,-198.716],[-196.618,-218.308],[-32.886,-75.568],[-335.159,103.556],[-65.073,18.192],[-335.159,180.524],[-23.09,64.373],[-265.189,202.915],[13.294,114.752],[-151.837,214.11],[262.39,12.595],[358.949,-37.784]],"c":true}]},{"i":{"x":0.667,"y":1},"o":{"x":0.167,"y":0.167},"t":24,"s":[{"i":[[0,0],[0,0],[239.299,-32.187],[12.595,-26.589],[41.982,-62.974],[-12.595,-41.982],[0,0],[-23.79,-33.586],[0,0],[-13.994,-20.991],[0,0],[-6.997,-30.787],[-69.971,142.74],[0,0]],"o":[[0,0],[0,0],[-118.95,18.192],[-50.378,127.346],[-102.158,85.364],[12.594,41.983],[0,0],[23.79,33.586],[0,0],[13.995,20.991],[0,0],[6.998,30.787],[0,0],[0,0]],"v":[[287.579,-198.716],[196.617,-155.335],[-47.984,-156.343],[-128.821,-43.732],[-32.886,-75.568],[-288.549,89.149],[-65.073,18.192],[-263.973,143.236],[-23.09,64.373],[-191.46,173.254],[13.294,114.752],[-97.6,191.229],[262.39,12.595],[358.949,-37.784]],"c":true}]},{"t":29,"s":[{"i":[[0,0],[0,0],[239.299,-32.187],[12.595,-26.589],[41.982,-62.974],[-12.595,-41.982],[0,0],[-23.79,-33.586],[0,0],[-13.994,-20.991],[0,0],[-6.997,-30.787],[-69.971,142.74],[0,0]],"o":[[0,0],[0,0],[-118.95,18.192],[-50.378,127.346],[-102.158,85.364],[12.594,41.983],[0,0],[23.79,33.586],[0,0],[13.995,20.991],[0,0],[6.998,30.787],[0,0],[0,0]],"v":[[287.579,-198.716],[196.617,-155.335],[-53.069,-146.174],[-125.432,-30.172],[-32.886,-75.568],[-241.939,74.742],[-65.073,18.192],[-192.786,105.948],[-23.09,64.373],[-117.731,143.593],[13.294,114.752],[-43.362,168.347],[262.39,12.595],[358.949,-37.784]],"c":true}]}],"ix":2},"nm":"Path 1","mn":"ADBE Vector Shape - Group","hd":false},{"ty":"st","c":{"a":0,"k":[0.9607843137254902,0.6431372549019608,0.4980392156862745,1],"ix":3},"o":{"a":0,"k":100,"ix":4},"w":{"a":0,"k":6.997,"ix":5},"lc":1,"lj":1,"ml":10,"bm":0,"nm":"Stroke 1","mn":"ADBE Vector Graphic - Stroke","hd":false},{"ty":"fl","c":{"a":0,"k":[0.9882352941176471,0.8,0.7019607843137254,1],"ix":4},"o":{"a":0,"k":100,"ix":5},"r":1,"bm":0,"nm":"Fill 1","mn":"ADBE Vector Graphic - Fill","hd":false},{"ty":"tr","p":{"a":0,"k":[976.493,566.84],"ix":2},"a":{"a":0,"k":[0,0],"ix":1},"s":{"a":0,"k":[100,100],"ix":3},"r":{"a":0,"k":0,"ix":6},"o":{"a":0,"k":100,"ix":7},"sk":{"a":0,"k":0,"ix":4},"sa":{"a":0,"k":0,"ix":5},"nm":"Transform"}],"nm":"Group 10","np":3,"cix":2,"bm":0,"ix":10,"mn":"ADBE Vector Group","hd":false}],"ip":0,"op":876,"st":-1149,"bm":0},{"ddd":0,"ind":6,"ty":4,"nm":"hand 2 big fingers","sr":1,"ks":{"o":{"a":0,"k":100,"ix":11},"r":{"a":0,"k":0,"ix":10},"p":{"a":1,"k":[{"i":{"x":0.833,"y":0.833},"o":{"x":0.333,"y":0},"t":0,"s":[720,423,0],"to":[40,0,0],"ti":[-40,0,0]},{"t":19,"s":[960,423,0]}],"ix":2},"a":{"a":0,"k":[960,540,0],"ix":1},"s":{"a":0,"k":[59,59,100],"ix":6}},"ao":0,"shapes":[{"ty":"gr","it":[{"ind":0,"ty":"sh","ix":1,"ks":{"a":1,"k":[{"i":{"x":0.667,"y":1},"o":{"x":0.167,"y":0.167},"t":19,"s":[{"i":[[0,0],[-249.154,-33.512],[-13.113,-27.683],[-43.711,-65.567],[1.598,0.376]],"o":[[0,0],[123.849,18.941],[52.454,132.591],[-1.615,-0.375],[-159.891,-37.646]],"v":[[-230.941,5.099],[25.498,-40.068],[178.487,-60.467],[8.014,88.151],[3.195,87.025]],"c":true}]},{"t":29,"s":[{"i":[[0,0],[-249.154,-33.512],[-13.113,-27.683],[-43.711,-65.567],[1.598,0.376]],"o":[[0,0],[123.849,18.941],[52.454,132.591],[-1.615,-0.375],[-159.891,-37.646]],"v":[[-230.941,5.099],[25.498,-40.068],[161.538,9.024],[8.014,88.151],[3.195,87.025]],"c":true}]}],"ix":2},"nm":"Path 1","mn":"ADBE Vector Shape - Group","hd":false},{"ty":"st","c":{"a":0,"k":[0.9607843137254902,0.6431372549019608,0.4980392156862745,1],"ix":3},"o":{"a":0,"k":100,"ix":4},"w":{"a":0,"k":7.285,"ix":5},"lc":1,"lj":1,"ml":10,"bm":0,"nm":"Stroke 1","mn":"ADBE Vector Graphic - Stroke","hd":false},{"ty":"fl","c":{"a":0,"k":[0.9882352941176471,0.8,0.7019607843137254,1],"ix":4},"o":{"a":0,"k":100,"ix":5},"r":1,"bm":0,"nm":"Fill 1","mn":"ADBE Vector Graphic - Fill","hd":false},{"ty":"tr","p":{"a":0,"k":[946.473,413.901],"ix":2},"a":{"a":0,"k":[0,0],"ix":1},"s":{"a":0,"k":[100,100],"ix":3},"r":{"a":0,"k":0,"ix":6},"o":{"a":0,"k":100,"ix":7},"sk":{"a":0,"k":0,"ix":4},"sa":{"a":0,"k":0,"ix":5},"nm":"Transform"}],"nm":"Group 1","np":3,"cix":2,"bm":0,"ix":1,"mn":"ADBE Vector Group","hd":false}],"ip":0,"op":876,"st":-1149,"bm":0},{"ddd":0,"ind":7,"ty":4,"nm":"circle and stars","sr":1,"ks":{"o":{"a":0,"k":100,"ix":11},"r":{"a":0,"k":0,"ix":10},"p":{"a":0,"k":[960,423,0],"ix":2},"a":{"a":0,"k":[960,540,0],"ix":1},"s":{"a":0,"k":[59,59,100],"ix":6}},"ao":0,"shapes":[{"ty":"gr","it":[{"ind":0,"ty":"sh","ix":1,"ks":{"a":0,"k":{"i":[[-24.48,-4.895],[4.895,-24.481],[24.481,4.896],[-4.896,24.481]],"o":[[-24.48,4.896],[-4.896,-24.481],[24.481,-4.895],[4.895,24.481]],"v":[[33.344,0],[0,33.345],[-33.345,0],[0,-33.345]],"c":true},"ix":2},"nm":"Path 1","mn":"ADBE Vector Shape - Group","hd":false},{"ty":"fl","c":{"a":0,"k":[1,1,1,1],"ix":4},"o":{"a":0,"k":100,"ix":5},"r":1,"bm":0,"nm":"Fill 1","mn":"ADBE Vector Graphic - Fill","hd":false},{"ty":"tr","p":{"a":0,"k":[957.283,144.345],"ix":2},"a":{"a":0,"k":[0,0],"ix":1},"s":{"a":0,"k":[100,100],"ix":3},"r":{"a":0,"k":0,"ix":6},"o":{"a":1,"k":[{"i":{"x":[0.667],"y":[1]},"o":{"x":[0.333],"y":[0]},"t":24,"s":[0]},{"t":32,"s":[100]}],"ix":7},"sk":{"a":0,"k":0,"ix":4},"sa":{"a":0,"k":0,"ix":5},"nm":"Transform"}],"nm":"Group 1","np":2,"cix":2,"bm":0,"ix":1,"mn":"ADBE Vector Group","hd":false},{"ty":"gr","it":[{"ind":0,"ty":"sh","ix":1,"ks":{"a":0,"k":{"i":[[-14.995,-2.999],[2.998,-14.994],[14.994,2.998],[-2.998,14.994]],"o":[[-14.995,2.998],[-2.998,-14.994],[14.994,-2.999],[2.998,14.994]],"v":[[20.424,0],[0,20.423],[-20.423,0],[0,-20.423]],"c":true},"ix":2},"nm":"Path 1","mn":"ADBE Vector Shape - Group","hd":false},{"ty":"fl","c":{"a":0,"k":[1,1,1,1],"ix":4},"o":{"a":0,"k":100,"ix":5},"r":1,"bm":0,"nm":"Fill 1","mn":"ADBE Vector Graphic - Fill","hd":false},{"ty":"tr","p":{"a":0,"k":[1091.04,286.603],"ix":2},"a":{"a":0,"k":[0,0],"ix":1},"s":{"a":0,"k":[100,100],"ix":3},"r":{"a":0,"k":0,"ix":6},"o":{"a":1,"k":[{"i":{"x":[0.667],"y":[1]},"o":{"x":[0.333],"y":[0]},"t":28,"s":[0]},{"t":36,"s":[100]}],"ix":7},"sk":{"a":0,"k":0,"ix":4},"sa":{"a":0,"k":0,"ix":5},"nm":"Transform"}],"nm":"Group 2","np":2,"cix":2,"bm":0,"ix":2,"mn":"ADBE Vector Group","hd":false},{"ty":"gr","it":[{"ind":0,"ty":"sh","ix":1,"ks":{"a":0,"k":{"i":[[-14.994,-2.998],[2.998,-14.994],[14.995,2.998],[-2.998,14.994]],"o":[[-14.994,2.998],[-2.998,-14.994],[14.995,-2.998],[2.998,14.994]],"v":[[20.424,0],[0,20.423],[-20.424,0],[0,-20.423]],"c":true},"ix":2},"nm":"Path 1","mn":"ADBE Vector Shape - Group","hd":false},{"ty":"fl","c":{"a":0,"k":[1,1,1,1],"ix":4},"o":{"a":0,"k":100,"ix":5},"r":1,"bm":0,"nm":"Fill 1","mn":"ADBE Vector Graphic - Fill","hd":false},{"ty":"tr","p":{"a":0,"k":[722.597,818.469],"ix":2},"a":{"a":0,"k":[0,0],"ix":1},"s":{"a":0,"k":[100,100],"ix":3},"r":{"a":0,"k":0,"ix":6},"o":{"a":1,"k":[{"i":{"x":[0.667],"y":[1]},"o":{"x":[0.333],"y":[0]},"t":40,"s":[0]},{"t":48,"s":[100]}],"ix":7},"sk":{"a":0,"k":0,"ix":4},"sa":{"a":0,"k":0,"ix":5},"nm":"Transform"}],"nm":"Group 3","np":2,"cix":2,"bm":0,"ix":3,"mn":"ADBE Vector Group","hd":false},{"ty":"gr","it":[{"ind":0,"ty":"sh","ix":1,"ks":{"a":0,"k":{"i":[[-18.84,-3.768],[3.767,-18.84],[18.84,3.768],[-3.767,18.84]],"o":[[-18.84,3.768],[-3.767,-18.84],[18.84,-3.768],[3.767,18.84]],"v":[[25.661,0],[-0.001,25.661],[-25.662,0],[-0.001,-25.661]],"c":true},"ix":2},"nm":"Path 1","mn":"ADBE Vector Shape - Group","hd":false},{"ty":"fl","c":{"a":0,"k":[1,1,1,1],"ix":4},"o":{"a":0,"k":100,"ix":5},"r":1,"bm":0,"nm":"Fill 1","mn":"ADBE Vector Graphic - Fill","hd":false},{"ty":"tr","p":{"a":0,"k":[1019.856,952.427],"ix":2},"a":{"a":0,"k":[0,0],"ix":1},"s":{"a":0,"k":[100,100],"ix":3},"r":{"a":0,"k":0,"ix":6},"o":{"a":1,"k":[{"i":{"x":[0.667],"y":[1]},"o":{"x":[0.333],"y":[0]},"t":32,"s":[0]},{"t":40,"s":[100]}],"ix":7},"sk":{"a":0,"k":0,"ix":4},"sa":{"a":0,"k":0,"ix":5},"nm":"Transform"}],"nm":"Group 4","np":2,"cix":2,"bm":0,"ix":4,"mn":"ADBE Vector Group","hd":false},{"ty":"gr","it":[{"ind":0,"ty":"sh","ix":1,"ks":{"a":0,"k":{"i":[[-9.61,-1.922],[1.921,-9.61],[9.61,1.921],[-1.922,9.611]],"o":[[-9.61,1.921],[-1.922,-9.61],[9.61,-1.922],[1.921,9.611]],"v":[[13.089,0.001],[0,13.09],[-13.09,0.001],[0,-13.089]],"c":true},"ix":2},"nm":"Path 1","mn":"ADBE Vector Shape - Group","hd":false},{"ty":"fl","c":{"a":0,"k":[1,1,1,1],"ix":4},"o":{"a":0,"k":100,"ix":5},"r":1,"bm":0,"nm":"Fill 1","mn":"ADBE Vector Graphic - Fill","hd":false},{"ty":"tr","p":{"a":0,"k":[850.707,857.189],"ix":2},"a":{"a":0,"k":[0,0],"ix":1},"s":{"a":0,"k":[100,100],"ix":3},"r":{"a":0,"k":0,"ix":6},"o":{"a":1,"k":[{"i":{"x":[0.667],"y":[1]},"o":{"x":[0.333],"y":[0]},"t":24,"s":[0]},{"t":32,"s":[100]}],"ix":7},"sk":{"a":0,"k":0,"ix":4},"sa":{"a":0,"k":0,"ix":5},"nm":"Transform"}],"nm":"Group 5","np":2,"cix":2,"bm":0,"ix":5,"mn":"ADBE Vector Group","hd":false},{"ty":"gr","it":[{"ind":0,"ty":"sh","ix":1,"ks":{"a":0,"k":{"i":[[-8.072,-1.614],[1.614,-8.072],[8.071,1.614],[-1.614,8.072]],"o":[[-8.072,1.614],[-1.614,-8.072],[8.071,-1.614],[1.614,8.072]],"v":[[10.994,0],[0,10.994],[-10.994,0],[0,-10.994]],"c":true},"ix":2},"nm":"Path 1","mn":"ADBE Vector Shape - Group","hd":false},{"ty":"fl","c":{"a":0,"k":[1,1,1,1],"ix":4},"o":{"a":0,"k":100,"ix":5},"r":1,"bm":0,"nm":"Fill 1","mn":"ADBE Vector Graphic - Fill","hd":false},{"ty":"tr","p":{"a":0,"k":[1140.632,209.49],"ix":2},"a":{"a":0,"k":[0,0],"ix":1},"s":{"a":0,"k":[100,100],"ix":3},"r":{"a":0,"k":0,"ix":6},"o":{"a":1,"k":[{"i":{"x":[0.667],"y":[1]},"o":{"x":[0.333],"y":[0]},"t":36,"s":[0]},{"t":44,"s":[100]}],"ix":7},"sk":{"a":0,"k":0,"ix":4},"sa":{"a":0,"k":0,"ix":5},"nm":"Transform"}],"nm":"Group 6","np":2,"cix":2,"bm":0,"ix":6,"mn":"ADBE Vector Group","hd":false},{"ty":"gr","it":[{"ind":0,"ty":"sh","ix":1,"ks":{"a":0,"k":{"i":[[-10.379,-2.075],[2.075,-10.379],[10.379,2.075],[-2.076,10.379]],"o":[[-10.379,2.075],[-2.076,-10.379],[10.379,-2.075],[2.075,10.379]],"v":[[14.137,0],[0,14.137],[-14.137,0],[0,-14.137]],"c":true},"ix":2},"nm":"Path 1","mn":"ADBE Vector Shape - Group","hd":false},{"ty":"fl","c":{"a":0,"k":[1,1,1,1],"ix":4},"o":{"a":0,"k":100,"ix":5},"r":1,"bm":0,"nm":"Fill 1","mn":"ADBE Vector Graphic - Fill","hd":false},{"ty":"tr","p":{"a":0,"k":[1210.828,856.561],"ix":2},"a":{"a":0,"k":[0,0],"ix":1},"s":{"a":0,"k":[100,100],"ix":3},"r":{"a":0,"k":0,"ix":6},"o":{"a":1,"k":[{"i":{"x":[0.667],"y":[1]},"o":{"x":[0.333],"y":[0]},"t":36,"s":[0]},{"t":44,"s":[100]}],"ix":7},"sk":{"a":0,"k":0,"ix":4},"sa":{"a":0,"k":0,"ix":5},"nm":"Transform"}],"nm":"Group 7","np":2,"cix":2,"bm":0,"ix":7,"mn":"ADBE Vector Group","hd":false},{"ty":"gr","it":[{"ind":0,"ty":"sh","ix":1,"ks":{"a":0,"k":{"i":[[-10.379,-2.075],[2.075,-10.379],[10.379,2.076],[-2.076,10.379]],"o":[[-10.379,2.076],[-2.076,-10.379],[10.379,-2.075],[2.075,10.379]],"v":[[14.137,0],[0,14.137],[-14.137,0],[0,-14.137]],"c":true},"ix":2},"nm":"Path 1","mn":"ADBE Vector Shape - Group","hd":false},{"ty":"fl","c":{"a":0,"k":[1,1,1,1],"ix":4},"o":{"a":0,"k":100,"ix":5},"r":1,"bm":0,"nm":"Fill 1","mn":"ADBE Vector Graphic - Fill","hd":false},{"ty":"tr","p":{"a":0,"k":[852.513,316.636],"ix":2},"a":{"a":0,"k":[0,0],"ix":1},"s":{"a":0,"k":[100,100],"ix":3},"r":{"a":0,"k":0,"ix":6},"o":{"a":1,"k":[{"i":{"x":[0.667],"y":[1]},"o":{"x":[0.333],"y":[0]},"t":40,"s":[0]},{"t":48,"s":[100]}],"ix":7},"sk":{"a":0,"k":0,"ix":4},"sa":{"a":0,"k":0,"ix":5},"nm":"Transform"}],"nm":"Group 8","np":2,"cix":2,"bm":0,"ix":8,"mn":"ADBE Vector Group","hd":false},{"ty":"gr","it":[{"ind":0,"ty":"sh","ix":1,"ks":{"a":0,"k":{"i":[[-18.84,-3.768],[3.767,-18.841],[18.841,3.767],[-3.767,18.84]],"o":[[-18.84,3.767],[-3.767,-18.841],[18.841,-3.768],[3.767,18.84]],"v":[[25.662,0],[0,25.662],[-25.662,0],[0,-25.662]],"c":true},"ix":2},"nm":"Path 1","mn":"ADBE Vector Shape - Group","hd":false},{"ty":"fl","c":{"a":0,"k":[1,1,1,1],"ix":4},"o":{"a":0,"k":100,"ix":5},"r":1,"bm":0,"nm":"Fill 1","mn":"ADBE Vector Graphic - Fill","hd":false},{"ty":"tr","p":{"a":0,"k":[746.635,256.032],"ix":2},"a":{"a":0,"k":[0,0],"ix":1},"s":{"a":0,"k":[100,100],"ix":3},"r":{"a":0,"k":0,"ix":6},"o":{"a":1,"k":[{"i":{"x":[0.667],"y":[1]},"o":{"x":[0.333],"y":[0]},"t":24,"s":[0]},{"t":32,"s":[100]}],"ix":7},"sk":{"a":0,"k":0,"ix":4},"sa":{"a":0,"k":0,"ix":5},"nm":"Transform"}],"nm":"Group 9","np":2,"cix":2,"bm":0,"ix":9,"mn":"ADBE Vector Group","hd":false},{"ty":"gr","it":[{"ind":0,"ty":"sh","ix":1,"ks":{"a":0,"k":{"i":[[0,-278.904],[278.903,0],[0,278.903],[-278.904,0]],"o":[[0,278.903],[-278.904,0],[0,-278.904],[278.903,0]],"v":[[505,0],[0,505],[-505,0],[0,-505]],"c":true},"ix":2},"nm":"Path 1","mn":"ADBE Vector Shape - Group","hd":false},{"ty":"fl","c":{"a":0,"k":[1,1,1,1],"ix":4},"o":{"a":0,"k":100,"ix":5},"r":1,"bm":0,"nm":"Fill 1","mn":"ADBE Vector Graphic - Fill","hd":false},{"ty":"tr","p":{"a":0,"k":[960,540],"ix":2},"a":{"a":0,"k":[0,0],"ix":1},"s":{"a":0,"k":[100,100],"ix":3},"r":{"a":0,"k":0,"ix":6},"o":{"a":0,"k":100,"ix":7},"sk":{"a":0,"k":0,"ix":4},"sa":{"a":0,"k":0,"ix":5},"nm":"Transform"}],"nm":"Group 10","np":2,"cix":2,"bm":0,"ix":10,"mn":"ADBE Vector Group","hd":false}],"ip":0,"op":876,"st":-1149,"bm":0}]}],"layers":[{"ddd":0,"ind":1,"ty":0,"nm":"hand shake","refId":"comp_0","sr":1,"ks":{"o":{"a":0,"k":100,"ix":11},"r":{"a":0,"k":0,"ix":10},"p":{"a":0,"k":[253,205,0],"ix":2},"a":{"a":0,"k":[960,540,0],"ix":1},"s":{"a":0,"k":[49,49,100],"ix":6}},"ao":0,"w":1920,"h":1080,"ip":0,"op":880,"st":0,"bm":0}],"markers":[]}