{"v":"5.5.7","meta":{"g":"LottieFiles AE 0.1.20","a":"","k":"","d":"","tc":""},"fr":60,"ip":0,"op":311,"w":1000,"h":1000,"nm":"57 - Handshake - Collaborate - Win","ddd":0,"assets":[],"layers":[{"ddd":0,"ind":1,"ty":3,"nm":"Trigger","sr":1,"ks":{"o":{"a":0,"k":0,"ix":11},"r":{"a":0,"k":0,"ix":10},"p":{"a":0,"k":[500,500,0],"ix":2},"a":{"a":0,"k":[0,0,0],"ix":1},"s":{"a":0,"k":[100,100,100],"ix":6}},"ao":0,"ip":0,"op":600,"st":0,"bm":0},{"ddd":0,"ind":2,"ty":3,"nm":"Out Animation","sr":1,"ks":{"o":{"a":0,"k":0,"ix":11},"r":{"a":1,"k":[{"i":{"x":[0.667],"y":[1]},"o":{"x":[0.167],"y":[0]},"t":0,"s":[0]},{"i":{"x":[0],"y":[1]},"o":{"x":[0.333],"y":[0]},"t":240,"s":[0]},{"i":{"x":[0.667],"y":[1]},"o":{"x":[1],"y":[0]},"t":260,"s":[5]},{"t":300,"s":[-25]}],"ix":10},"p":{"a":0,"k":[500,500,0],"ix":2},"a":{"a":0,"k":[50,50,0],"ix":1},"s":{"a":1,"k":[{"i":{"x":[0,0,0],"y":[1,1,1]},"o":{"x":[0.333,0.333,0.333],"y":[0,0,0]},"t":240,"s":[100,100,100]},{"i":{"x":[0.667,0.667,0.667],"y":[1,1,1]},"o":{"x":[1,1,1],"y":[0,0,0]},"t":260,"s":[110,110,100]},{"t":300,"s":[0,0,100]}],"ix":6}},"ao":0,"ip":0,"op":600,"st":0,"bm":0},{"ddd":0,"ind":3,"ty":3,"nm":"Null 22 [2]","parent":2,"sr":1,"ks":{"o":{"a":0,"k":0,"ix":11},"r":{"a":1,"k":[{"i":{"x":[0.667],"y":[1]},"o":{"x":[0.333],"y":[0]},"t":80,"s":[0]},{"i":{"x":[0.667],"y":[1]},"o":{"x":[0.333],"y":[0]},"t":100,"s":[-3]},{"i":{"x":[0.667],"y":[1]},"o":{"x":[0.333],"y":[0]},"t":120,"s":[0]},{"i":{"x":[0.667],"y":[1]},"o":{"x":[0.333],"y":[0]},"t":140,"s":[-3]},{"i":{"x":[0.667],"y":[1]},"o":{"x":[0.333],"y":[0]},"t":160,"s":[0]},{"i":{"x":[0.667],"y":[1]},"o":{"x":[0.333],"y":[0]},"t":190,"s":[0]},{"i":{"x":[0.667],"y":[1]},"o":{"x":[0.333],"y":[0]},"t":210,"s":[-3]},{"i":{"x":[0.667],"y":[1]},"o":{"x":[0.333],"y":[0]},"t":230,"s":[0]},{"i":{"x":[0.667],"y":[1]},"o":{"x":[0.333],"y":[0]},"t":250,"s":[-3]},{"t":270,"s":[0]}],"ix":10},"p":{"a":0,"k":[-132,35.125,0],"ix":2},"a":{"a":0,"k":[50,50,0],"ix":1},"s":{"a":0,"k":[100,100,100],"ix":6}},"ao":0,"ip":0,"op":600,"st":0,"bm":0},{"ddd":0,"ind":4,"ty":3,"nm":"Null 22","parent":2,"sr":1,"ks":{"o":{"a":0,"k":0,"ix":11},"r":{"a":1,"k":[{"i":{"x":[0.667],"y":[1]},"o":{"x":[0.333],"y":[0]},"t":80,"s":[0]},{"i":{"x":[0.667],"y":[1]},"o":{"x":[0.333],"y":[0]},"t":100,"s":[3]},{"i":{"x":[0.667],"y":[1]},"o":{"x":[0.333],"y":[0]},"t":120,"s":[0]},{"i":{"x":[0.667],"y":[1]},"o":{"x":[0.333],"y":[0]},"t":140,"s":[3]},{"i":{"x":[0.667],"y":[1]},"o":{"x":[0.333],"y":[0]},"t":160,"s":[0]},{"i":{"x":[0.667],"y":[1]},"o":{"x":[0.333],"y":[0]},"t":190,"s":[0]},{"i":{"x":[0.667],"y":[1]},"o":{"x":[0.333],"y":[0]},"t":210,"s":[3]},{"i":{"x":[0.667],"y":[1]},"o":{"x":[0.333],"y":[0]},"t":230,"s":[0]},{"i":{"x":[0.667],"y":[1]},"o":{"x":[0.333],"y":[0]},"t":250,"s":[3]},{"t":270,"s":[0]}],"ix":10},"p":{"a":0,"k":[262,35.125,0],"ix":2},"a":{"a":0,"k":[50,50,0],"ix":1},"s":{"a":0,"k":[100,100,100],"ix":6}},"ao":0,"ip":0,"op":600,"st":0,"bm":0},{"ddd":0,"ind":5,"ty":4,"nm":"Layer 8 Outlines","parent":4,"sr":1,"ks":{"o":{"a":0,"k":100,"ix":11},"r":{"a":0,"k":0,"ix":10},"p":{"a":0,"k":[-263.335,213.849,0],"ix":2},"a":{"a":0,"k":[116.336,96.186,0],"ix":1},"s":{"a":0,"k":[100,100,100],"ix":6}},"ao":0,"shapes":[{"ty":"gr","it":[{"ind":0,"ty":"sh","ix":1,"ks":{"a":0,"k":{"i":[[12.425,-10.737],[0,0],[10.737,12.425],[-12.425,10.737],[0,0],[-10.737,-12.425]],"o":[[0,0],[-12.425,10.737],[-10.738,-12.425],[0,0],[12.425,-10.738],[10.738,12.425]],"v":[[29.693,13.639],[9.192,31.357],[-32.748,28.301],[-29.693,-13.638],[-9.191,-31.355],[32.748,-28.3]],"c":true},"ix":2},"nm":"Path 1","mn":"ADBE Vector Shape - Group","hd":false},{"ty":"fl","c":{"a":0,"k":[0.9647058823529412,0.7725490196078432,0.6470588235294118,1],"ix":4},"o":{"a":0,"k":100,"ix":5},"r":1,"bm":0,"nm":"Fill 1","mn":"ADBE Vector Graphic - Fill","hd":false},{"ty":"tr","p":{"a":0,"k":[156.311,178.403],"ix":2},"a":{"a":0,"k":[-32.625,28.375],"ix":1},"s":{"a":1,"k":[{"i":{"x":[0.571,0.571],"y":[1,1]},"o":{"x":[0.43,0.43],"y":[0,0]},"t":40,"s":[0,0]},{"i":{"x":[0.667,0.667],"y":[1,1]},"o":{"x":[0.333,0.333],"y":[0,0]},"t":70,"s":[103,103]},{"t":80,"s":[100,100]}],"ix":3},"r":{"a":0,"k":0,"ix":6},"o":{"a":0,"k":100,"ix":7},"sk":{"a":0,"k":0,"ix":4},"sa":{"a":0,"k":0,"ix":5},"nm":"Transform"}],"nm":"Group 1","np":2,"cix":2,"bm":0,"ix":1,"mn":"ADBE Vector Group","hd":false},{"ty":"gr","it":[{"ind":0,"ty":"sh","ix":1,"ks":{"a":0,"k":{"i":[[12.425,-10.737],[0,0],[10.738,12.425],[-12.425,10.739],[0,0],[-10.737,-12.426]],"o":[[0,0],[-12.425,10.738],[-10.737,-12.425],[0,0],[12.426,-10.737],[10.738,12.424]],"v":[[37.273,7.088],[1.611,37.906],[-40.329,34.851],[-37.273,-7.09],[-1.612,-37.907],[40.328,-34.851]],"c":true},"ix":2},"nm":"Path 1","mn":"ADBE Vector Shape - Group","hd":false},{"ty":"fl","c":{"a":0,"k":[0.9647058823529412,0.7725490196078432,0.6470588235294118,1],"ix":4},"o":{"a":0,"k":100,"ix":5},"r":1,"bm":0,"nm":"Fill 1","mn":"ADBE Vector Graphic - Fill","hd":false},{"ty":"tr","p":{"a":0,"k":[100.152,153.828],"ix":2},"a":{"a":0,"k":[-40.25,35],"ix":1},"s":{"a":1,"k":[{"i":{"x":[0.571,0.571],"y":[1,1]},"o":{"x":[0.43,0.43],"y":[0,0]},"t":40,"s":[0,0]},{"i":{"x":[0.667,0.667],"y":[1,1]},"o":{"x":[0.333,0.333],"y":[0,0]},"t":70,"s":[103,103]},{"t":80,"s":[100,100]}],"ix":3},"r":{"a":0,"k":0,"ix":6},"o":{"a":0,"k":100,"ix":7},"sk":{"a":0,"k":0,"ix":4},"sa":{"a":0,"k":0,"ix":5},"nm":"Transform"}],"nm":"Group 2","np":2,"cix":2,"bm":0,"ix":2,"mn":"ADBE Vector Group","hd":false},{"ty":"gr","it":[{"ind":0,"ty":"sh","ix":1,"ks":{"a":0,"k":{"i":[[12.425,-10.737],[0,0],[10.738,12.425],[0,0],[-12.425,10.739],[0,0],[-10.737,-12.425],[0,0]],"o":[[0,0],[-12.426,10.737],[0,0],[-10.738,-12.426],[0,0],[12.425,-10.738],[0,0],[10.737,12.424]],"v":[[42.702,4.091],[-2.142,42.845],[-44.081,39.789],[-45.758,37.85],[-42.702,-4.091],[2.141,-42.844],[44.081,-39.789],[45.758,-37.848]],"c":true},"ix":2},"nm":"Path 1","mn":"ADBE Vector Shape - Group","hd":false},{"ty":"fl","c":{"a":0,"k":[0.9647058823529412,0.7725490196078432,0.6470588235294118,1],"ix":4},"o":{"a":0,"k":100,"ix":5},"r":1,"bm":0,"nm":"Fill 1","mn":"ADBE Vector Graphic - Fill","hd":false},{"ty":"tr","p":{"a":0,"k":[53.866,119.022],"ix":2},"a":{"a":0,"k":[-45.25,38.875],"ix":1},"s":{"a":1,"k":[{"i":{"x":[0.571,0.571],"y":[1,1]},"o":{"x":[0.43,0.43],"y":[0,0]},"t":40,"s":[0,0]},{"i":{"x":[0.667,0.667],"y":[1,1]},"o":{"x":[0.333,0.333],"y":[0,0]},"t":70,"s":[103,103]},{"t":80,"s":[100,100]}],"ix":3},"r":{"a":0,"k":0,"ix":6},"o":{"a":0,"k":100,"ix":7},"sk":{"a":0,"k":0,"ix":4},"sa":{"a":0,"k":0,"ix":5},"nm":"Transform"}],"nm":"Group 3","np":2,"cix":2,"bm":0,"ix":3,"mn":"ADBE Vector Group","hd":false},{"ty":"gr","it":[{"ind":0,"ty":"sh","ix":1,"ks":{"a":0,"k":{"i":[[12.812,-11.072],[0,0],[11.073,12.813],[-12.812,11.072],[0,0],[-11.072,-12.813]],"o":[[0,0],[-12.812,11.073],[-11.071,-12.812],[0,0],[12.812,-11.073],[11.072,12.812]],"v":[[33.705,11.396],[6.39,35],[-36.856,31.85],[-33.705,-11.396],[-6.39,-35],[36.855,-31.85]],"c":true},"ix":2},"nm":"Path 1","mn":"ADBE Vector Shape - Group","hd":false},{"ty":"fl","c":{"a":0,"k":[0.9647058823529412,0.7725490196078432,0.6470588235294118,1],"ix":4},"o":{"a":0,"k":100,"ix":5},"r":1,"bm":0,"nm":"Fill 1","mn":"ADBE Vector Graphic - Fill","hd":false},{"ty":"tr","p":{"a":0,"k":[11.302,77.823],"ix":2},"a":{"a":0,"k":[-36.875,31.5],"ix":1},"s":{"a":1,"k":[{"i":{"x":[0.571,0.571],"y":[1,1]},"o":{"x":[0.43,0.43],"y":[0,0]},"t":40,"s":[0,0]},{"i":{"x":[0.667,0.667],"y":[1,1]},"o":{"x":[0.333,0.333],"y":[0,0]},"t":70,"s":[103,103]},{"t":80,"s":[100,100]}],"ix":3},"r":{"a":0,"k":0,"ix":6},"o":{"a":0,"k":100,"ix":7},"sk":{"a":0,"k":0,"ix":4},"sa":{"a":0,"k":0,"ix":5},"nm":"Transform"}],"nm":"Group 4","np":2,"cix":2,"bm":0,"ix":4,"mn":"ADBE Vector Group","hd":false}],"ip":0,"op":600,"st":0,"bm":0},{"ddd":0,"ind":6,"ty":4,"nm":"Layer 9 Outlines","parent":10,"sr":1,"ks":{"o":{"a":0,"k":100,"ix":11},"r":{"a":0,"k":0,"ix":10},"p":{"a":0,"k":[33.008,37.041,0],"ix":2},"a":{"a":0,"k":[99.166,42.204,0],"ix":1},"s":{"a":0,"k":[100,100,100],"ix":6}},"ao":0,"shapes":[{"ty":"gr","it":[{"ind":0,"ty":"sh","ix":1,"ks":{"a":0,"k":{"i":[[0,0],[20.978,7.422],[17.534,-12.909],[9.037,-3.55],[-20.009,-6.454],[-37.759,12.263]],"o":[[0,0],[-20.977,-7.423],[-17.533,12.909],[-9.036,3.55],[20.009,6.455],[37.76,-12.264]],"v":[[98.917,-7.423],[28.238,-34.531],[-22.324,-27.754],[-85.039,4.196],[-78.908,33.564],[11.456,29.691]],"c":true},"ix":2},"nm":"Path 1","mn":"ADBE Vector Shape - Group","hd":false},{"ty":"fl","c":{"a":0,"k":[0.9647058823529412,0.7725490196078432,0.6470588235294118,1],"ix":4},"o":{"a":0,"k":100,"ix":5},"r":1,"bm":0,"nm":"Fill 1","mn":"ADBE Vector Graphic - Fill","hd":false},{"ty":"tr","p":{"a":0,"k":[99.166,42.204],"ix":2},"a":{"a":0,"k":[0,0],"ix":1},"s":{"a":0,"k":[100,100],"ix":3},"r":{"a":0,"k":0,"ix":6},"o":{"a":0,"k":100,"ix":7},"sk":{"a":0,"k":0,"ix":4},"sa":{"a":0,"k":0,"ix":5},"nm":"Transform"}],"nm":"Group 1","np":2,"cix":2,"bm":0,"ix":1,"mn":"ADBE Vector Group","hd":false}],"ip":0,"op":600,"st":0,"bm":0},{"ddd":0,"ind":7,"ty":4,"nm":"Layer 11 Outlines","parent":3,"sr":1,"ks":{"o":{"a":0,"k":100,"ix":11},"r":{"a":0,"k":0,"ix":10},"p":{"a":0,"k":[-50.96,-5.125,0],"ix":2},"a":{"a":0,"k":[56.396,92.02,0],"ix":1},"s":{"a":1,"k":[{"i":{"x":[0.582,0.582,0.667],"y":[1,1,1]},"o":{"x":[0.545,0.545,0.333],"y":[0,0,0]},"t":0,"s":[0,0,100]},{"i":{"x":[0.667,0.667,0.667],"y":[1,1,1]},"o":{"x":[0.333,0.333,0.333],"y":[0,0,0]},"t":40,"s":[103,103,100]},{"t":50,"s":[100,100,100]}],"ix":6}},"ao":0,"shapes":[{"ty":"gr","it":[{"ind":0,"ty":"sh","ix":1,"ks":{"a":0,"k":{"i":[[8.979,5.496],[0,0],[0.133,-0.217],[0,0],[8.979,5.495],[0,0],[-8.779,-5.373],[0,0],[-5.95,9.722],[0,0]],"o":[[0,0],[-0.124,0.22],[0,0],[-5.951,9.722],[0,0],[-5.451,9.614],[0,0],[8.979,5.495],[0,0],[5.95,-9.722]],"v":[[97.144,-101.329],[97.087,-101.364],[96.723,-100.703],[-2.424,61.289],[-29.456,68.942],[-103.127,23.852],[-97.279,50.744],[-23.552,95.869],[3.48,88.217],[102.627,-73.775]],"c":true},"ix":2},"nm":"Path 1","mn":"ADBE Vector Shape - Group","hd":false},{"ty":"fl","c":{"a":0,"k":[0.10196078431372549,0.2627450980392157,0.3058823529411765,1],"ix":4},"o":{"a":0,"k":100,"ix":5},"r":1,"bm":0,"nm":"Fill 1","mn":"ADBE Vector Graphic - Fill","hd":false},{"ty":"tr","p":{"a":0,"k":[108.963,152.199],"ix":2},"a":{"a":0,"k":[0,0],"ix":1},"s":{"a":0,"k":[100,100],"ix":3},"r":{"a":0,"k":0,"ix":6},"o":{"a":0,"k":100,"ix":7},"sk":{"a":0,"k":0,"ix":4},"sa":{"a":0,"k":0,"ix":5},"nm":"Transform"}],"nm":"Group 1","np":2,"cix":2,"bm":0,"ix":1,"mn":"ADBE Vector Group","hd":false},{"ty":"gr","it":[{"ind":0,"ty":"sh","ix":1,"ks":{"a":0,"k":{"i":[[-8.979,-5.496],[0,0],[5.951,-9.722],[0,0],[8.979,5.495],[0,0],[-5.95,9.722],[0,0]],"o":[[0,0],[8.979,5.495],[0,0],[-5.95,9.722],[0,0],[-8.979,-5.496],[0,0],[5.95,-9.722]],"v":[[23.484,-121.161],[97.212,-76.036],[102.695,-48.483],[3.548,113.509],[-23.484,121.162],[-97.21,76.037],[-102.695,48.483],[-3.548,-113.509]],"c":true},"ix":2},"nm":"Path 1","mn":"ADBE Vector Shape - Group","hd":false},{"ty":"fl","c":{"a":0,"k":[0.19607843137254902,0.34509803921568627,0.38823529411764707,1],"ix":4},"o":{"a":0,"k":100,"ix":5},"r":1,"bm":0,"nm":"Fill 1","mn":"ADBE Vector Graphic - Fill","hd":false},{"ty":"tr","p":{"a":0,"k":[108.895,126.907],"ix":2},"a":{"a":0,"k":[0,0],"ix":1},"s":{"a":0,"k":[100,100],"ix":3},"r":{"a":0,"k":0,"ix":6},"o":{"a":0,"k":100,"ix":7},"sk":{"a":0,"k":0,"ix":4},"sa":{"a":0,"k":0,"ix":5},"nm":"Transform"}],"nm":"Group 2","np":2,"cix":2,"bm":0,"ix":2,"mn":"ADBE Vector Group","hd":false}],"ip":0,"op":600,"st":0,"bm":0},{"ddd":0,"ind":8,"ty":4,"nm":"Layer 12 Outlines","parent":3,"sr":1,"ks":{"o":{"a":0,"k":100,"ix":11},"r":{"a":0,"k":0,"ix":10},"p":{"a":0,"k":[46.541,50.041,0],"ix":2},"a":{"a":0,"k":[53.66,79.804,0],"ix":1},"s":{"a":1,"k":[{"i":{"x":[0.542,0.542,0.667],"y":[1,1,1]},"o":{"x":[0.479,0.479,0.333],"y":[0,0,0]},"t":20,"s":[0,0,100]},{"i":{"x":[0.667,0.667,0.667],"y":[1,1,1]},"o":{"x":[0.333,0.333,0.333],"y":[0,0,0]},"t":60,"s":[103,103,100]},{"t":70,"s":[100,100,100]}],"ix":6}},"ao":0,"shapes":[{"ty":"gr","it":[{"ind":0,"ty":"sh","ix":1,"ks":{"a":0,"k":{"i":[[11.609,9.291],[0,0],[6.81,-8.509],[10.51,5.491],[7.752,-9.686],[0,0],[10.855,8.687],[0,0],[7.874,-9.839],[10.854,8.688],[0,0],[6.976,-8.717],[10.854,8.688],[0,0],[0.969,0.297],[39.231,36.214],[-13.817,21.014],[0,0],[-9.037,-9.036],[-23.236,-7.1],[-1.319,0.28],[0,0],[-9.556,11.94],[5.611,9.469],[0,0],[-9.556,11.94],[8.131,9.682],[0,0],[-9.556,11.94],[0,0],[7.765,9.678],[-8.443,10.55]],"o":[[0,0],[4.848,8.774],[-7.893,9.864],[7.259,9.052],[0,0],[-8.936,11.165],[0,0],[7.602,9.052],[-8.936,11.165],[0,0],[5.246,8.855],[-8.936,11.165],[0,0],[-1.234,0.261],[-21.727,-6.639],[-7.604,-7.604],[-3.688,-0.413],[0,0],[41.955,38.727],[1.037,0.317],[0,0],[11.609,9.29],[7.461,-9.322],[0,0],[11.609,9.291],[8.421,-10.522],[0,0],[11.608,9.29],[0,0],[8.289,-10.358],[11.241,5.872],[9.555,-11.94]],"v":[[213.936,3.638],[205.639,-3.002],[202.967,25.648],[171.123,32.732],[170.78,64.86],[170.78,64.861],[134.946,69.347],[130.447,66.05],[130.453,98.603],[94.619,103.089],[88.93,98.92],[86.62,128.213],[50.786,132.7],[-10.527,87.756],[-13.841,87.72],[-204.564,-31.18],[-129.706,-165.157],[-135.553,-165.856],[-218.171,-18.692],[-14.207,108.463],[-10.663,108.501],[54.906,156.566],[93.228,151.767],[95.699,120.44],[101.782,124.899],[140.104,120.101],[140.098,85.287],[144.91,88.815],[183.231,84.016],[183.232,84.016],[183.597,49.658],[217.654,42.08]],"c":true},"ix":2},"nm":"Path 1","mn":"ADBE Vector Shape - Group","hd":false},{"ty":"fl","c":{"a":0,"k":[0.6549019607843137,0.4470588235294118,0.2823529411764706,1],"ix":4},"o":{"a":0,"k":100,"ix":5},"r":1,"bm":0,"nm":"Fill 1","mn":"ADBE Vector Graphic - Fill","hd":false},{"ty":"tr","p":{"a":0,"k":[227.458,178.37],"ix":2},"a":{"a":0,"k":[0,0],"ix":1},"s":{"a":0,"k":[100,100],"ix":3},"r":{"a":0,"k":0,"ix":6},"o":{"a":0,"k":100,"ix":7},"sk":{"a":0,"k":0,"ix":4},"sa":{"a":0,"k":0,"ix":5},"nm":"Transform"}],"nm":"Group 1","np":2,"cix":2,"bm":0,"ix":1,"mn":"ADBE Vector Group","hd":false},{"ty":"gr","it":[{"ind":0,"ty":"sh","ix":1,"ks":{"a":0,"k":{"i":[[11.609,9.29],[0,0],[0,0],[0,0],[9.556,-11.94]],"o":[[0,0],[0,0],[0,0],[11.609,9.291],[-9.555,11.941]],"v":[[55.545,78.217],[-103.423,-38.311],[-62.899,-87.508],[90.15,34.977],[93.866,73.419]],"c":true},"ix":2},"nm":"Path 1","mn":"ADBE Vector Shape - Group","hd":false},{"ty":"fl","c":{"a":0,"k":[0.6549019607843137,0.4470588235294118,0.2823529411764706,1],"ix":4},"o":{"a":0,"k":100,"ix":5},"r":1,"bm":0,"nm":"Fill 1","mn":"ADBE Vector Graphic - Fill","hd":false},{"ty":"tr","p":{"a":0,"k":[226.819,256.718],"ix":2},"a":{"a":0,"k":[0,0],"ix":1},"s":{"a":0,"k":[100,100],"ix":3},"r":{"a":0,"k":0,"ix":6},"o":{"a":0,"k":100,"ix":7},"sk":{"a":0,"k":0,"ix":4},"sa":{"a":0,"k":0,"ix":5},"nm":"Transform"}],"nm":"Group 2","np":2,"cix":2,"bm":0,"ix":2,"mn":"ADBE Vector Group","hd":false},{"ty":"gr","it":[{"ind":0,"ty":"sh","ix":1,"ks":{"a":0,"k":{"i":[[11.609,9.291],[0,0],[0,0],[0,0],[9.557,-11.941]],"o":[[0,0],[0,0],[0,0],[11.609,9.29],[-9.555,11.941]],"v":[[55.544,78.216],[-103.423,-38.311],[-62.9,-87.508],[90.148,34.977],[93.865,73.419]],"c":true},"ix":2},"nm":"Path 1","mn":"ADBE Vector Shape - Group","hd":false},{"ty":"fl","c":{"a":0,"k":[0.6549019607843137,0.4470588235294118,0.2823529411764706,1],"ix":4},"o":{"a":0,"k":100,"ix":5},"r":1,"bm":0,"nm":"Fill 1","mn":"ADBE Vector Graphic - Fill","hd":false},{"ty":"tr","p":{"a":0,"k":[273.696,225.052],"ix":2},"a":{"a":0,"k":[0,0],"ix":1},"s":{"a":0,"k":[100,100],"ix":3},"r":{"a":0,"k":0,"ix":6},"o":{"a":0,"k":100,"ix":7},"sk":{"a":0,"k":0,"ix":4},"sa":{"a":0,"k":0,"ix":5},"nm":"Transform"}],"nm":"Group 3","np":2,"cix":2,"bm":0,"ix":3,"mn":"ADBE Vector Group","hd":false},{"ty":"gr","it":[{"ind":0,"ty":"sh","ix":1,"ks":{"a":0,"k":{"i":[[11.608,9.29],[0,0],[0,0],[0,0],[9.556,-11.94],[0,0]],"o":[[0,0],[0,0],[0,0],[11.61,9.29],[0,0],[-9.555,11.941]],"v":[[55.545,78.217],[-103.423,-38.311],[-62.9,-87.508],[90.148,34.977],[93.866,73.419],[93.866,73.419]],"c":true},"ix":2},"nm":"Path 1","mn":"ADBE Vector Shape - Group","hd":false},{"ty":"fl","c":{"a":0,"k":[0.6549019607843137,0.4470588235294118,0.2823529411764706,1],"ix":4},"o":{"a":0,"k":100,"ix":5},"r":1,"bm":0,"nm":"Fill 1","mn":"ADBE Vector Graphic - Fill","hd":false},{"ty":"tr","p":{"a":0,"k":[316.823,188.967],"ix":2},"a":{"a":0,"k":[0,0],"ix":1},"s":{"a":0,"k":[100,100],"ix":3},"r":{"a":0,"k":0,"ix":6},"o":{"a":0,"k":100,"ix":7},"sk":{"a":0,"k":0,"ix":4},"sa":{"a":0,"k":0,"ix":5},"nm":"Transform"}],"nm":"Group 4","np":2,"cix":2,"bm":0,"ix":4,"mn":"ADBE Vector Group","hd":false},{"ty":"gr","it":[{"ind":0,"ty":"sh","ix":1,"ks":{"a":0,"k":{"i":[[11.608,9.29],[0,0],[0,0],[0,0],[9.556,-11.94]],"o":[[0,0],[0,0],[0,0],[11.61,9.291],[-9.556,11.941]],"v":[[55.545,78.217],[-103.423,-38.312],[-62.9,-87.507],[90.148,34.976],[93.866,73.418]],"c":true},"ix":2},"nm":"Path 1","mn":"ADBE Vector Shape - Group","hd":false},{"ty":"fl","c":{"a":0,"k":[0.6549019607843137,0.4470588235294118,0.2823529411764706,1],"ix":4},"o":{"a":0,"k":100,"ix":5},"r":1,"bm":0,"nm":"Fill 1","mn":"ADBE Vector Graphic - Fill","hd":false},{"ty":"tr","p":{"a":0,"k":[351.245,147.032],"ix":2},"a":{"a":0,"k":[0,0],"ix":1},"s":{"a":0,"k":[100,100],"ix":3},"r":{"a":0,"k":0,"ix":6},"o":{"a":0,"k":100,"ix":7},"sk":{"a":0,"k":0,"ix":4},"sa":{"a":0,"k":0,"ix":5},"nm":"Transform"}],"nm":"Group 5","np":2,"cix":2,"bm":0,"ix":5,"mn":"ADBE Vector Group","hd":false},{"ty":"gr","it":[{"ind":0,"ty":"sh","ix":1,"ks":{"a":0,"k":{"i":[[0,0],[-27.755,8.391],[-27.11,-24.528],[0,-19.364],[23.237,7.1],[41.954,38.728]],"o":[[0,0],[24.527,-6.455],[27.109,24.527],[0,19.363],[-23.236,-7.1],[-9.037,-9.036]],"v":[[-75.519,-134.578],[15.491,-134.578],[118.764,-122.313],[167.173,-21.622],[45.827,139.741],[-158.137,12.586]],"c":true},"ix":2},"nm":"Path 1","mn":"ADBE Vector Shape - Group","hd":false},{"ty":"fl","c":{"a":0,"k":[0.6549019607843137,0.4470588235294118,0.2823529411764706,1],"ix":4},"o":{"a":0,"k":100,"ix":5},"r":1,"bm":0,"nm":"Fill 1","mn":"ADBE Vector Graphic - Fill","hd":false},{"ty":"tr","p":{"a":0,"k":[167.424,147.091],"ix":2},"a":{"a":0,"k":[0,0],"ix":1},"s":{"a":0,"k":[100,100],"ix":3},"r":{"a":0,"k":0,"ix":6},"o":{"a":0,"k":100,"ix":7},"sk":{"a":0,"k":0,"ix":4},"sa":{"a":0,"k":0,"ix":5},"nm":"Transform"}],"nm":"Group 6","np":2,"cix":2,"bm":0,"ix":6,"mn":"ADBE Vector Group","hd":false}],"ip":0,"op":600,"st":0,"bm":0},{"ddd":0,"ind":9,"ty":4,"nm":"Layer 13 Outlines","parent":4,"sr":1,"ks":{"o":{"a":0,"k":100,"ix":11},"r":{"a":0,"k":0,"ix":10},"p":{"a":0,"k":[152.098,-5.125,0],"ix":2},"a":{"a":0,"k":[165.339,99.233,0],"ix":1},"s":{"a":1,"k":[{"i":{"x":[0.582,0.582,0.667],"y":[1,1,1]},"o":{"x":[0.545,0.545,0.333],"y":[0,0,0]},"t":0,"s":[0,0,100]},{"i":{"x":[0.667,0.667,0.667],"y":[1,1,1]},"o":{"x":[0.333,0.333,0.333],"y":[0,0,0]},"t":40,"s":[103,103,100]},{"t":50,"s":[100,100,100]}],"ix":6}},"ao":0,"shapes":[{"ty":"gr","it":[{"ind":0,"ty":"sh","ix":1,"ks":{"a":0,"k":{"i":[[-8.979,5.496],[0,0],[-0.133,-0.217],[0,0],[-8.979,5.495],[0,0],[8.779,-5.373],[0,0],[5.95,9.722],[0,0]],"o":[[0,0],[0.125,0.22],[0,0],[5.951,9.722],[0,0],[5.452,9.614],[0,0],[-8.978,5.495],[0,0],[-5.951,-9.722]],"v":[[-97.143,-101.329],[-97.087,-101.364],[-96.723,-100.703],[2.423,61.289],[29.456,68.942],[103.126,23.852],[97.279,50.744],[23.551,95.869],[-3.48,88.217],[-102.627,-73.775]],"c":true},"ix":2},"nm":"Path 1","mn":"ADBE Vector Shape - Group","hd":false},{"ty":"fl","c":{"a":0,"k":[0.10196078431372549,0.2627450980392157,0.3058823529411765,1],"ix":4},"o":{"a":0,"k":100,"ix":5},"r":1,"bm":0,"nm":"Fill 1","mn":"ADBE Vector Graphic - Fill","hd":false},{"ty":"tr","p":{"a":0,"k":[108.828,152.2],"ix":2},"a":{"a":0,"k":[0,0],"ix":1},"s":{"a":0,"k":[100,100],"ix":3},"r":{"a":0,"k":0,"ix":6},"o":{"a":0,"k":100,"ix":7},"sk":{"a":0,"k":0,"ix":4},"sa":{"a":0,"k":0,"ix":5},"nm":"Transform"}],"nm":"Group 1","np":2,"cix":2,"bm":0,"ix":1,"mn":"ADBE Vector Group","hd":false},{"ty":"gr","it":[{"ind":0,"ty":"sh","ix":1,"ks":{"a":0,"k":{"i":[[8.979,-5.496],[0,0],[-5.95,-9.721],[0,0],[-8.979,5.495],[0,0],[5.95,9.722],[0,0]],"o":[[0,0],[-8.978,5.495],[0,0],[5.95,9.722],[0,0],[8.98,-5.495],[0,0],[-5.95,-9.722]],"v":[[-23.483,-121.161],[-97.211,-76.036],[-102.695,-48.483],[-3.547,113.509],[23.484,121.162],[97.211,76.037],[102.695,48.483],[3.547,-113.509]],"c":true},"ix":2},"nm":"Path 1","mn":"ADBE Vector Shape - Group","hd":false},{"ty":"fl","c":{"a":0,"k":[0.19607843137254902,0.34509803921568627,0.38823529411764707,1],"ix":4},"o":{"a":0,"k":100,"ix":5},"r":1,"bm":0,"nm":"Fill 1","mn":"ADBE Vector Graphic - Fill","hd":false},{"ty":"tr","p":{"a":0,"k":[108.896,126.907],"ix":2},"a":{"a":0,"k":[0,0],"ix":1},"s":{"a":0,"k":[100,100],"ix":3},"r":{"a":0,"k":0,"ix":6},"o":{"a":0,"k":100,"ix":7},"sk":{"a":0,"k":0,"ix":4},"sa":{"a":0,"k":0,"ix":5},"nm":"Transform"}],"nm":"Group 2","np":2,"cix":2,"bm":0,"ix":2,"mn":"ADBE Vector Group","hd":false}],"ip":0,"op":600,"st":0,"bm":0},{"ddd":0,"ind":10,"ty":4,"nm":"Layer 14 Outlines","parent":4,"sr":1,"ks":{"o":{"a":0,"k":100,"ix":11},"r":{"a":0,"k":0,"ix":10},"p":{"a":0,"k":[75.375,50,0],"ix":2},"a":{"a":0,"k":[228.472,74.676,0],"ix":1},"s":{"a":1,"k":[{"i":{"x":[0.542,0.542,0.667],"y":[1,1,1]},"o":{"x":[0.479,0.479,0.333],"y":[0,0,0]},"t":20,"s":[0,0,100]},{"i":{"x":[0.667,0.667,0.667],"y":[1,1,1]},"o":{"x":[0.333,0.333,0.333],"y":[0,0,0]},"t":60,"s":[103,103,100]},{"t":70,"s":[100,100,100]}],"ix":6}},"ao":0,"shapes":[{"ty":"gr","it":[{"ind":0,"ty":"sh","ix":1,"ks":{"a":0,"k":{"i":[[0,0],[0,0],[0,0],[0,0],[0,0]],"o":[[0,0],[0,0],[0,0],[0,0],[0,0]],"v":[[131.673,28.4],[54.863,102.628],[-131.673,-49.162],[-11.618,-80.037],[50.346,-102.628]],"c":true},"ix":2},"nm":"Path 1","mn":"ADBE Vector Shape - Group","hd":false},{"ty":"fl","c":{"a":0,"k":[0.9647058823529412,0.7725490196078432,0.6470588235294118,1],"ix":4},"o":{"a":0,"k":100,"ix":5},"r":1,"bm":0,"nm":"Fill 1","mn":"ADBE Vector Graphic - Fill","hd":false},{"ty":"tr","p":{"a":0,"k":[131.923,102.878],"ix":2},"a":{"a":0,"k":[0,0],"ix":1},"s":{"a":0,"k":[100,100],"ix":3},"r":{"a":0,"k":0,"ix":6},"o":{"a":0,"k":100,"ix":7},"sk":{"a":0,"k":0,"ix":4},"sa":{"a":0,"k":0,"ix":5},"nm":"Transform"}],"nm":"Group 1","np":2,"cix":2,"bm":0,"ix":1,"mn":"ADBE Vector Group","hd":false}],"ip":0,"op":600,"st":0,"bm":0}],"markers":[]}