{
  "project_info": {
    "project_number": "209111844649",
    "project_id": "pakigsa-bot-bca7e",
    "storage_bucket": "pakigsa-bot-bca7e.appspot.com"
  },
  "client": [
    {
      "client_info": {
        "mobilesdk_app_id": "1:209111844649:android:f0ec6d30c6fe7a1e8c5938",
        "android_client_info": {
          "package_name": "com.capstone.pakigsabotbusinessowner"
        }
      },
      "oauth_client": [
        {
          "client_id": "209111844649-holum6alhlgdeq6hla1r8q4dslc70kot.apps.googleusercontent.com",
          "client_type": 3
        }
      ],
      "api_key": [
        {
          "current_key": "AIzaSyDj27QVemVYmS-CqnD6v9XmwISI6UnP_90"
        }
      ],
      "services": {
        "appinvite_service": {
          "other_platform_oauth_client": [
            {
              "client_id": "209111844649-holum6alhlgdeq6hla1r8q4dslc70kot.apps.googleusercontent.com",
              "client_type": 3
            }
          ]
        }
      }
    },
    {
      "client_info": {
        "mobilesdk_app_id": "1:209111844649:android:a34e54756ffc9e5b8c5938",
        "android_client_info": {
          "package_name": "com.example.pakigsabot"
        }
      },
      "oauth_client": [
        {
          "client_id": "209111844649-holum6alhlgdeq6hla1r8q4dslc70kot.apps.googleusercontent.com",
          "client_type": 3
        }
      ],
      "api_key": [
        {
          "current_key": "AIzaSyDj27QVemVYmS-CqnD6v9XmwISI6UnP_90"
        }
      ],
      "services": {
        "appinvite_service": {
          "other_platform_oauth_client": [
            {
              "client_id": "209111844649-holum6alhlgdeq6hla1r8q4dslc70kot.apps.googleusercontent.com",
              "client_type": 3
            }
          ]
        }
      }
    }
  ],
  "configuration_version": "1"
}